tiempo,TCAire,Ti_0001,Ti_001,Ti_01,Ti_003
2019-06-08 00:00:00,25.3480564,25.35459208818503,24.69282507146973,22.228694502377248,23.76110707563524
2019-06-08 00:10:00,25.311138,25.30963608294867,24.6462709785491,22.22581787026535,23.724935709961645
2019-06-08 00:20:00,25.2742196,25.264874370020568,24.6041070752637,22.21541494595526,23.692344898990292
2019-06-08 00:30:00,25.2280716,25.222530475586304,24.568711393160065,22.21846535882598,23.667951912071334
2019-06-08 00:40:00,25.1876921,25.177427942761117,24.530048196352308,22.20203072705585,23.63502314980188
2019-06-08 00:50:00,25.147312600000003,25.12758197598977,24.484957966795157,22.16886405291711,23.591820101592518
2019-06-08 01:00:00,25.1000109,25.07578639199158,24.43751383441006,22.132585945836382,23.544947171052588
2019-06-08 01:10:00,25.0630925,25.024021361688614,24.39135461378877,22.10056939523898,23.50066657265427
2019-06-08 01:20:00,25.0100223,24.973427273658935,24.347898450606053,22.07125588304352,23.458974714807688
2019-06-08 01:30:00,24.9546447,24.923280922670763,24.3058684649367,22.040863644602062,23.41777613708747
2019-06-08 01:40:00,24.8681172,24.86015179546266,24.24114763489342,21.93156675580077,23.336339278022564
2019-06-08 01:50:00,24.7954341,24.791062257461853,24.166198725061815,21.81955516033571,23.24487398731847
2019-06-08 02:00:00,24.7712064,24.72318865573395,24.09367037990872,21.73163796897651,23.16361291452308
2019-06-08 02:10:00,24.7123677,24.650310115222613,24.007280717498023,21.59332955653204,23.05782750785868
2019-06-08 02:20:00,24.7077529,24.5926321888468,23.94874767519049,21.556720572261504,23.00137830689075
2019-06-08 02:30:00,24.6662197,24.55299051141249,23.925193435810282,21.59355925111845,22.99364717052459
2019-06-08 02:40:00,24.6362235,24.508934440386607,23.896864412111658,21.56827260110189,22.967697988827627
2019-06-08 02:50:00,24.6050736,24.46600437752139,23.8692519262912,21.561614403091408,22.945189039046596
2019-06-08 03:00:00,24.5566182,24.42324872377189,23.837564330922493,21.55091028771005,22.918585056521003
2019-06-08 03:10:00,24.473551800000003,24.372227266959683,23.79202884944763,21.498681822825887,22.8723718286218
2019-06-08 03:20:00,24.4077909,24.29998216801891,23.708330737431524,21.333504180826296,22.76401884472537
2019-06-08 03:30:00,24.375487300000003,24.232180613921916,23.63223930043276,21.24342369011832,22.67732933607706
2019-06-08 03:40:00,24.3247245,24.17211867563381,23.57218609644804,21.19666332509547,22.61934958762703
2019-06-08 03:50:00,24.2670395,24.10745817996574,23.502961823091624,21.092898160353148,22.5402808072319
2019-06-08 04:00:00,24.1539769,24.0346975966238,23.417642141211196,20.949434846192148,22.43357030198704
2019-06-08 04:10:00,24.0628346,23.95168777004323,23.31708889027977,20.78297084274363,22.30722924786965
2019-06-08 04:20:00,23.9797682,23.88164038706496,23.239922070200528,20.712679130401167,22.226169924987573
2019-06-08 04:30:00,23.8620908,23.82250136786498,23.17973816439959,20.661882165258124,22.16769897246265
2019-06-08 04:40:00,23.8067132,23.77220664560784,23.137384504089,20.63957821085916,22.133779311947304
2019-06-08 04:50:00,23.7605652,23.72564477715622,23.100515923697508,20.618005812826627,22.103390188201516
2019-06-08 05:00:00,23.7109561,23.68612088830644,23.07337728989476,20.62751601559501,22.08772133013819
2019-06-08 05:10:00,23.6463489,23.62637902113932,23.00831155593604,20.50767366509856,22.005381097312604
2019-06-08 05:20:00,23.5448233,23.563768241230733,22.94309541191284,20.434621632979823,21.933173493645025
2019-06-08 05:30:00,23.4756013,23.523419260034224,22.9167521442154,20.48751968539572,21.929632625160643
2019-06-08 05:40:00,23.4513736,23.47111871865072,22.865941175229796,20.40624717459335,21.87429327565949
2019-06-08 05:50:00,23.3533091,23.40036450343267,22.786566951228217,20.261759886290854,21.773559387354428
2019-06-08 06:00:00,23.2725501,23.334667996687948,22.716763063881384,20.19390502034986,21.69647352759911
2019-06-08 06:10:00,23.2160188,23.28480482072452,22.66959472115254,20.17862803112271,21.655083459922174
2019-06-08 06:20:00,23.153719,23.26426017323208,22.66802435522639,20.256653366265287,21.68291561188005
2019-06-08 06:30:00,23.0683452,23.263483471540408,22.68689088906652,20.32585378622136,21.72795429090124
2019-06-08 06:40:00,23.0129676,23.291035048231247,22.739192078280567,20.50172986815732,21.82343965371468
2019-06-08 06:50:00,22.9679733,23.311730454110403,22.79002953718338,20.63492395475332,21.92369171928385
2019-06-08 07:00:00,22.9022124,23.310472921693172,22.797009773972015,20.593784110147457,21.938937039390186
2019-06-08 07:10:00,22.9252864,23.33549354152159,22.83364552060697,20.68285942783357,21.99768358967012
2019-06-08 07:20:00,22.8849069,23.42833726407862,22.982661272053317,21.16189050676352,22.26419403949748
2019-06-08 07:30:00,22.899905,23.51392241517561,23.108469521981448,21.430333320865383,22.470094733922135
2019-06-08 07:40:00,22.9495141,23.582309115633016,23.207854476281888,21.730746666397188,22.63108798395075
2019-06-08 07:50:00,22.9875862,23.750601012094776,23.46192175436635,22.299356938047566,23.03440514403195
2019-06-08 08:00:00,22.9760492,23.905423942161327,23.700896318082027,22.96866953141972,23.384035365323584
2019-06-08 08:10:00,23.0025843,23.841334836737897,23.58052664046415,22.43694462179136,23.271004688329064
2019-06-08 08:20:00,23.0971877,23.79601404771872,23.48435284254883,22.145296885211,23.06595959615852
2019-06-08 08:30:00,23.1202617,23.883428111857583,23.61103512768393,22.372426315792797,23.11767822100484
2019-06-08 08:40:00,23.1202617,23.98664017822736,23.74596730173413,22.644176967174236,23.28806973342974
2019-06-08 08:50:00,23.1502579,24.062432803492612,23.82767060285057,22.771226235483716,23.42318359644086
2019-06-08 09:00:00,23.3290814,26.282414239694667,26.02750873154625,24.75054324143084,25.592378931526294
2019-06-08 09:10:00,23.3625387,26.68792104529187,26.44295826662356,25.19063391709272,26.01834264888365
2019-06-08 09:20:00,23.3510017,27.03762841551396,26.796400761274864,25.58829240831111,26.38326803263437
2019-06-08 09:30:00,23.53444,27.5698598805916,27.299554230192697,25.85207011923555,26.826956421295144
2019-06-08 09:40:00,23.742106,27.777346662337937,27.502043475012663,26.036147119020413,27.020735590064607
2019-06-08 09:50:00,23.7478745,27.82036608483253,27.58004276545293,26.38235066736872,27.170397707366934
2019-06-08 10:00:00,24.0097644,27.92496802298323,27.70915501816356,26.670606794436985,27.346671001917244
2019-06-08 10:10:00,24.2058934,28.063540710280822,27.8548807073743,26.82631833886617,27.502349965706642
2019-06-08 10:20:00,24.3385689,28.178711612697356,27.984377502973828,27.05900571931567,27.660314682445463
2019-06-08 10:30:00,24.4170205,28.27669656936401,28.05897281109,26.925024445350296,27.6844747848287
2019-06-08 10:40:00,24.594690300000003,28.368632473408375,28.167522222389017,27.170902679286613,27.827650193129628
2019-06-08 10:50:00,24.7908193,28.507128756618016,28.32749048312178,27.488485301358327,28.030573727602093
2019-06-08 11:00:00,24.9431077,28.69079324775313,28.52696597426224,27.770944351830583,28.25832252293423
2019-06-08 11:10:00,25.1253923,28.86549349801469,28.71006608971613,27.99050666240136,28.455406841944686
2019-06-08 11:20:00,25.2142272,28.98668735046665,28.84925953486812,28.26641545849572,28.631012497125766
2019-06-08 11:30:00,25.4865004,29.136913568135768,29.010171419311703,28.48711369949112,28.811505229537723
2019-06-08 11:40:00,25.5891797,29.24683750541657,29.117726521457868,28.56364268886041,28.91263252268161
2019-06-08 11:50:00,25.7333922,29.37532158362624,29.236686195582937,28.60750830920277,29.011897326847276
2019-06-08 12:00:00,25.8752973,29.468804109130172,29.324945955885248,28.65608971557045,29.08978290483967
2019-06-08 12:10:00,26.0864244,29.61714647703252,29.49285307989367,28.963933143014252,29.295861126004603
2019-06-08 12:20:00,26.1867963,29.78595894155524,29.672126544885096,29.19834213441386,29.493644629063507
2019-06-08 12:30:00,26.3448532,29.928274384466455,29.808938421012613,29.27994156857807,29.61800987937596
2019-06-08 12:40:00,26.603282,30.05180460389553,29.93262531325102,29.407088569894608,29.74185131958378
2019-06-08 12:50:00,26.718652,30.151762302942416,30.044535650303573,29.60516215016644,29.877087378927015
2019-06-08 13:00:00,26.8409442,30.187925746066657,30.09353326978964,29.73593443577141,29.95024236330763
2019-06-08 13:10:00,26.9678512,30.24034969914908,30.141000610880983,29.72486035010251,29.985527412864563
2019-06-08 13:20:00,27.0924508,30.33210144462331,30.226510379273016,29.765041455569328,30.0583484720475
2019-06-08 13:30:00,27.1628265,30.42288616938988,30.32721569127272,29.942015385142376,30.17891721929442
2019-06-08 13:40:00,27.3658777,30.5378704116849,30.44869940080759,30.09470006886427,30.311180923306516
2019-06-08 13:50:00,27.3578018,30.659102284884444,30.572588374179062,30.22575016852305,30.43861307255001
2019-06-08 14:00:00,27.5170124,30.552257933611543,30.45471663242844,30.033693902572693,30.29981219644941
2019-06-08 14:10:00,27.6785304,30.508520564876964,30.398486597100266,29.875737509654932,30.217143956575057
2019-06-08 14:20:00,27.7119877,30.583282868457207,30.48974350672808,30.104653078843008,30.342413921506257
2019-06-08 14:30:00,27.8665835,30.66386243250379,30.582460762248814,30.28910548894057,30.45982532955991
2019-06-08 14:40:00,27.9923368,30.76587540983371,30.685997056404148,30.376152509459736,30.563563959570377
2019-06-08 14:50:00,27.9946442,30.855499512722687,30.777548907070468,30.472822045101843,30.657468019868176
2019-06-08 15:00:00,28.1123216,30.94909337481696,30.886960156077222,30.71386723918408,30.800110234595728
2019-06-08 15:10:00,28.2392286,31.080721111235732,31.02782604592349,30.90499194548402,30.957973942540484
2019-06-08 15:20:00,28.286530300000003,31.12050632064304,31.062296065440464,30.888528242937532,30.979427778823208
2019-06-08 15:30:00,28.366135600000003,31.36332709726552,31.30043450290805,31.07593905311275,31.205988371394575
2019-06-08 15:40:00,28.3972855,31.49558210929363,31.431775222777336,31.19804229957354,31.336913850346107
2019-06-08 15:50:00,28.5149629,31.59501602526341,31.548114201571266,31.419316470793763,31.47811185255911
2019-06-08 16:00:00,28.576109,31.61391657357676,31.56385307425009,31.40714444512012,31.490064405206677
2019-06-08 16:10:00,28.6487921,31.68107106619036,31.62697768201908,31.442352353100347,31.547846307605052
2019-06-08 16:20:00,28.696093800000003,31.78328685213893,31.727739558565077,31.5369080650821,31.64671099096176
2019-06-08 16:30:00,28.7041697,31.81469888163064,31.762319582349306,31.58949967306536,31.68625889764916
2019-06-08 16:40:00,28.772238,31.9160038192334,31.87479228530156,31.765797163972557,31.81674793451619
2019-06-08 16:50:00,28.8149249,31.97351218147343,31.91664440773966,31.7245354172709,31.83697648755969
2019-06-08 17:00:00,28.8783784,31.953237151989956,31.88948815152137,31.643403167178406,31.79514275059221
2019-06-08 17:10:00,28.8506896,31.915802800476094,31.84470577514491,31.553441391105423,31.73717979972904
2019-06-08 17:20:00,28.9026061,31.98538174411688,31.90354152782269,31.548999666945384,31.77896375372208
2019-06-08 17:30:00,28.8910691,32.03943042020564,31.94403006839538,31.51440469786354,31.797805109310268
2019-06-08 17:40:00,28.9418319,31.9957435113672,31.898373793916075,31.468951620663997,31.74323696241983
2019-06-08 17:50:00,28.9129894,31.98287598516903,31.90069422105557,31.56157495438916,31.761635688373897
2019-06-08 18:00:00,28.7653158,30.543600643646197,30.49302123461205,30.38208479784943,30.41996264244175
2019-06-08 18:10:00,28.8541507,29.999644038129343,29.956602682417447,29.903693449487307,29.89740452456627
2019-06-08 18:20:00,28.6464847,29.69134782526436,29.648896971640568,29.56281607402716,29.590352975083515
2019-06-08 18:30:00,28.6280255,29.09803355249447,29.062040580107187,28.976655418769404,29.01328157417906
2019-06-08 18:40:00,28.599183,28.834630848941465,28.80496801506283,28.740587625697763,28.764717521840847
2019-06-08 18:50:00,28.5818775,28.80181575126168,28.76164054351,28.62449282031136,28.70334433441547
2019-06-08 19:00:00,28.5922608,28.772658639485535,28.70657925214221,28.40053476912203,28.605588183978824
2019-06-08 19:10:00,28.4572779,28.69251483264827,28.60098427197578,28.155326688068744,28.459179526295603
2019-06-08 19:20:00,28.5564961,28.678827778810017,28.603605913240948,28.280256712285883,28.490966605398448
2019-06-08 19:30:00,28.5034259,28.64339991467681,28.576118819503534,28.29180846124351,28.475790939073015
2019-06-08 19:40:00,28.4042077,28.579762237468337,28.49506992506013,28.089028533589406,28.36393511241927
2019-06-08 19:50:00,28.3753652,28.499260193812496,28.398466811420818,27.90026105190684,28.240337245402596
2019-06-08 20:00:00,28.3130654,28.45014607963529,28.35330420229037,27.90188982718528,28.203150380145264
2019-06-08 20:10:00,28.2669174,28.426884777395173,28.34259594263576,27.970928472542948,28.213452856404924
2019-06-08 20:20:00,28.2438434,28.39794323217776,28.318941668761816,27.960847412946215,28.196363495646256
2019-06-08 20:30:00,28.2046176,28.33938948685354,28.242905983342894,27.755434581757378,28.086927037449716
2019-06-08 20:40:00,28.1423178,28.26398960478633,28.15192751710746,27.57798475267042,27.96799928828941
2019-06-08 20:50:00,28.2265379,28.20216416920512,28.087655003487253,27.52059973925643,27.9001942494385
2019-06-08 21:00:00,28.1619307,28.14536212092413,28.016170336827415,27.33552724435153,27.799390762623055
2019-06-08 21:10:00,28.1469326,28.054081445553024,27.900148271524987,27.084760876061996,27.64182795786146
2019-06-08 21:20:00,28.0004127,27.99045611253565,27.83469707031842,27.068872151105452,27.5811052471001
2019-06-08 21:30:00,28.0834791,27.95957553558524,27.817026358109494,27.156224031412684,27.590561891275716
2019-06-08 21:40:00,27.9185,27.928802384588703,27.793217430678443,27.156763645615857,27.577097442618093
2019-06-08 21:50:00,27.849278,27.87733561457285,27.73541497035469,27.04186696391504,27.50518056202611
2019-06-08 22:00:00,27.8538928,27.834830567584746,27.694017699755037,27.017709404352697,27.46667829513363
2019-06-08 22:10:00,27.7442913,27.78849193926912,27.646806509853803,26.967101902918415,27.41841609963408
2019-06-08 22:20:00,27.7812097,27.738211599476397,27.5948033078805,26.89674202736734,27.362739440197934
2019-06-08 22:30:00,27.663532300000004,27.67263392180178,27.51857814912101,26.73969578870489,27.2649734539907
2019-06-08 22:40:00,27.560853,27.59522636399731,27.425929278690177,26.552301530189148,27.14287901821119
2019-06-08 22:50:00,27.5066291,27.50211828870923,27.31106908363396,26.313951314540326,26.986511498434
2019-06-08 23:00:00,27.428177500000004,27.42080866601075,27.21533849938264,26.161638894838322,26.8610032244948
2019-06-08 23:10:00,27.3462648,27.376023370789635,27.174101903143406,26.1752755821603,26.826025386243774
2019-06-08 23:20:00,27.416640500000003,27.346874376131932,27.153270415698053,26.20381999575916,26.820061468920503
2019-06-08 23:30:00,27.2885798,27.29662720752187,27.09825138686657,26.09778023228941,26.753656517465053
2019-06-08 23:40:00,27.2228189,27.22063834377804,27.00439857255012,25.901014040757175,26.626271277751624
2019-06-09 00:00:00,27.0289973,27.085544440671892,26.83032530922823,25.571445047672707,26.397640353506663
2019-06-09 00:10:00,26.900936600000005,27.00594652956377,26.729913514228876,25.41593827306937,26.27516820734594
2019-06-09 00:20:00,26.9055514,26.945503320367735,26.672709544037957,25.4516609264297,26.239254718875262
2019-06-09 00:30:00,26.8005647,26.898463356481003,26.634249887510578,25.4640281097893,26.21907011454027
2019-06-09 00:40:00,26.730189000000003,26.841684202105768,26.57317501483471,25.345443591123253,26.1450484673848
2019-06-09 00:50:00,26.6644281,26.79469644964091,26.525075729582436,25.303162568082037,26.094059445264357
2019-06-09 01:00:00,26.6505837,26.78156807131011,26.529389376461424,25.43953651579258,26.133247112131844
2019-06-09 01:10:00,26.6736577,26.78385990812641,26.553579994999037,25.585317765954134,26.19752057257262
2019-06-09 01:20:00,26.5894376,26.74706652655446,26.511981869702876,25.47845757418751,26.143697790911293
2019-06-09 01:30:00,26.5963598,26.68212411414586,26.42989495249812,25.3054942690678,26.031903018579204
2019-06-09 01:40:00,26.688655800000003,26.685257459064918,26.448109909318255,25.45752824740443,26.08459970041409
2019-06-09 01:50:00,26.6644281,26.65194363991041,26.413520497973163,25.412349614563443,26.050128823127
2019-06-09 02:00:00,26.6528911,26.572149453877127,26.31342263148668,25.193384208145638,25.9149822938466
2019-06-09 02:10:00,26.5652099,26.48643354717435,26.212335188307605,25.03728935481941,25.791015527465667
2019-06-09 02:20:00,26.5029101,26.41765274692249,26.13963489883724,24.97419971414238,25.715834592070536
2019-06-09 02:30:00,26.4290733,26.35736209648428,26.07505342679485,24.88703853550654,25.644732427453196
2019-06-09 02:40:00,26.430227,26.30796852921825,26.02206488671527,24.819439888527345,25.587088432628796
2019-06-09 02:50:00,26.5006027,26.269596168111,25.98071744138333,24.783862626592693,25.545441779554917
2019-06-09 03:00:00,26.454454700000003,26.250719477838572,25.966778481918496,24.83085036251757,25.549245454914107
2019-06-09 03:10:00,26.395616,26.22847984753253,25.94393277722342,24.824261491499843,25.531526156538504
2019-06-09 03:20:00,26.3229329,26.20089470081399,25.91239295428537,24.78935402303451,25.496345816729384
2019-06-09 03:30:00,26.2017944,26.179416623228565,25.901226625903448,24.802961858872763,25.495977054339928
2019-06-09 03:40:00,26.133726100000004,26.132418497481996,25.83813733349903,24.64391962725965,25.401605465733148
2019-06-09 03:50:00,26.081809600000003,26.01637732551459,25.683950983833324,24.337681652547722,25.190577075429974
2019-06-09 04:00:00,26.014895000000003,25.905845060983008,25.545643419117575,24.12023165532913,25.02413536832474
2019-06-09 04:10:00,25.8972176,25.8248187091654,25.45191564138408,24.02161651416114,24.92387341021903
2019-06-09 04:20:00,25.8510696,25.788515649019647,25.425818316385904,24.05543636315127,24.9224954994778
2019-06-09 04:30:00,25.7564662,25.760508320072827,25.404322787552864,24.03162043096259,24.90933310255993
2019-06-09 04:40:00,25.6745535,25.74132336068206,25.39860269043504,24.044813433248503,24.91291769003768
2019-06-09 04:50:00,25.603024100000003,25.690710860351743,25.325797718629723,23.876378139614538,24.799521677845263
2019-06-09 05:00:00,25.5130355,25.650848508932807,25.28944085539433,23.876728432556877,24.768502500883297
2019-06-09 05:10:00,25.5061133,25.6256586463949,25.2867948364121,23.947890718935096,24.79046767785456
2019-06-09 05:20:00,25.438045,25.603076833518852,25.28989001511021,23.96757094100688,24.798137667887143
2019-06-09 05:30:00,25.4011266,25.54832271968699,25.233462546808948,23.799663427927293,24.70434331766316
2019-06-09 05:40:00,25.38036,25.478528299519333,25.15001964592677,23.641281364706614,24.589607386304703
2019-06-09 05:50:00,25.3169065,25.40814211322131,25.065974295687607,23.522535567250706,24.48949009233055
2019-06-09 06:00:00,25.2719122,25.357157907213136,24.99353222417076,23.36781390480595,24.401239721353548
2019-06-09 06:10:00,25.2499919,25.318223468693883,24.95640835206874,23.382752828561983,24.371939224108516
2019-06-09 06:20:00,25.1657718,25.28226183260315,24.92895961351024,23.38883384043037,24.34851466585671
2019-06-09 06:30:00,25.1011646,25.25773979765099,24.910362529329888,23.36819336356093,24.328179271491493
2019-06-09 06:40:00,25.1242386,25.295242685448176,24.966804095806644,23.550675680567103,24.417969469630293
2019-06-09 06:50:00,25.1057794,25.36437282452519,25.07909558574513,23.86196079023088,24.594998861327568
2019-06-09 07:00:00,25.130007100000004,25.43619998943402,25.190540744127137,24.124436069416436,24.77448018487457
2019-06-09 07:10:00,25.0596314,25.48173522692898,25.247042039812573,24.192247653822903,24.85721333637272
2019-06-09 07:20:00,25.0907813,25.497675874705727,25.252988322986464,24.13810023156917,24.85184783491174
2019-06-09 07:30:00,25.0723221,25.505588738880196,25.250980345961896,24.105168155497463,24.834467335498868
2019-06-09 07:40:00,25.2015365,25.553165188021417,25.309262935953456,24.25881345846744,24.91436136499285
2019-06-09 07:50:00,25.3192139,25.620907951567705,25.406478601157524,24.519581682575545,25.06241509929165
2019-06-09 08:00:00,25.4080488,25.699175173209703,25.536267896444006,24.87792044392084,25.27374330925907
2019-06-09 08:10:00,25.4426598,25.78541477580905,25.68012129051587,25.33255276190732,25.523229702362197
2019-06-09 08:20:00,25.5730279,25.93015443495762,25.884371304703077,25.85329480928475,25.83968914846029
2019-06-09 08:30:00,25.5949482,26.07837725226983,26.09030003337709,26.329583324341,26.141593380368676
2019-06-09 08:40:00,25.740314399999995,26.207279498058053,26.257371203461684,26.640006826565877,26.36481835421105
2019-06-09 08:50:00,25.8476085,26.32633238710962,26.411202939267366,26.9235311590496,26.569639725480677
2019-06-09 09:00:00,25.8464548,28.494972821966133,28.49521148224588,28.53316991512066,28.505514247678494
2019-06-09 09:10:00,25.9549026,28.85374855114858,28.83915005390547,28.74167954876207,28.78134688457621
2019-06-09 09:20:00,26.0310468,29.181115425173562,29.15678212513692,29.05641431480677,29.108873506466622
2019-06-09 09:30:00,26.1371872,29.717784018915104,29.65366300346468,29.30330558716892,29.54817751666435
2019-06-09 09:40:00,26.153339000000003,29.772350030786868,29.65780739827859,28.991259140488797,29.454286441296528
2019-06-09 09:50:00,26.222561,29.77391392613818,29.629745001752468,28.813227174969143,29.369240916967254
2019-06-09 10:00:00,26.3287014,29.873201735775577,29.730896657956496,28.96344732141321,29.4773607875802
2019-06-09 10:10:00,26.4209974,29.970933883481596,29.808264651437366,28.88132578552316,29.514230604173648
2019-06-09 10:20:00,26.6113579,30.070269985979888,29.894549850998548,28.893521489665925,29.576874384417454
2019-06-09 10:30:00,26.6644281,30.168595101482573,30.01045409690326,29.145755857791706,29.728845043694676
2019-06-09 10:40:00,26.7025002,30.2890744744884,30.142260368294544,29.34468237167541,29.882178886149088
2019-06-09 10:50:00,26.891707,30.405320510479573,30.25421736180227,29.417787673826144,29.984984130758384
2019-06-09 11:00:00,26.960929,30.505392342873765,30.33791615361024,29.396212682078318,30.037523604781505
2019-06-09 11:10:00,27.2274337,30.624807111452608,30.46259988168924,29.58144008882725,30.175179815041982
2019-06-09 11:20:00,27.3105001,30.774537377323686,30.633647501114883,29.86089459878107,30.388231789628215
2019-06-09 11:30:00,27.338188899999995,30.938277556057702,30.815537918971973,30.150590174532528,30.603408811124694
2019-06-09 11:40:00,27.5677752,31.05156048345269,30.92160616121565,30.21239273820163,30.692618012206015
2019-06-09 11:50:00,27.826204,31.17927691218461,31.05942927547946,30.449619808806133,30.852184644850038
2019-06-09 12:00:00,27.8885038,31.2794072962182,31.153190986144608,30.484150163863507,30.93238190768564
2019-06-09 12:10:00,27.9669554,31.40543112715952,31.29397894238928,30.735309317847197,31.10326072712007
2019-06-09 12:20:00,28.048868100000004,31.503958416616904,31.391636655058864,30.80773057372041,31.19717088839416
2019-06-09 12:30:00,28.2680711,31.591823364932253,31.469779815812213,30.818316051848306,31.2559656016422
2019-06-09 12:40:00,28.4111299,31.663505389089224,31.524053216832876,30.76056751553208,31.276471407777265
2019-06-09 12:50:00,28.5357295,31.749048357272528,31.60608818195812,30.835747613938292,31.353092444635045
2019-06-09 13:00:00,28.6303329,31.75624211241789,31.622973408724608,30.92416880459608,31.389861873518814
2019-06-09 13:10:00,28.775699100000004,31.8274232517051,31.719235731627293,31.19753808570575,31.535912108835255
2019-06-09 13:20:00,28.8264619,31.99754359264496,31.952065217792203,31.82862128161611,31.911302971760335
2019-06-09 13:30:00,28.8795321,32.15310095228854,32.14243453788607,32.01126149152715,32.138037658752026
2019-06-09 13:40:00,28.9856725,32.18041033141469,32.11802681326965,31.72219443157921,32.00243215003732
2019-06-09 13:50:00,29.0283594,32.20101110054228,32.10078804928018,31.619724565936128,31.9249134360964
2019-06-09 14:00:00,29.1633423,32.163122626031566,32.079922154575655,31.762882436236733,31.9489499690146
2019-06-09 14:10:00,29.3052474,32.21364345206251,32.17862395203996,32.11388352252759,32.139015675707505
2019-06-09 14:20:00,29.3848527,32.337193696507505,32.33575786718628,32.44373667985828,32.354742897855694
2019-06-09 14:30:00,29.4217711,32.31963319548394,32.274676999589445,31.99478153812848,32.20290532700659
2019-06-09 14:40:00,29.5048375,32.3317731294144,32.24862017278547,31.815154556908215,32.10793564764492
2019-06-09 14:50:00,29.5902113,32.43783041119498,32.36632496557729,32.0932392327379,32.254270221737855
2019-06-09 15:00:00,29.7113498,32.52352766567462,32.44680795726851,32.097910621743765,32.32206666113982
2019-06-09 15:10:00,29.8301809,32.55709933099374,32.45305781757938,31.898416900507247,32.27328541866626
2019-06-09 15:20:00,29.9005566,32.61240922974701,32.50863345141085,31.99824649863402,32.33316204821921
2019-06-09 15:30:00,29.9732397,32.84093381365843,32.77646064624083,32.52624192404059,32.66616948444233
2019-06-09 15:40:00,30.0609209,32.99028153035662,32.928887418807165,32.61715217615641,32.804848265426
2019-06-09 15:50:00,30.1116837,33.021186189969306,32.93829887771559,32.489663978774736,32.78600825202135
2019-06-09 16:00:00,30.1762909,32.9980362783426,32.91496507871072,32.51853566768026,32.77835377244724
2019-06-09 16:10:00,30.2189778,33.054154981823295,33.0028183163429,32.835998580130216,32.92978108308911
2019-06-09 16:20:00,30.2755091,33.16326841544334,33.14133327462644,33.113813284755935,33.11816881128752
2019-06-09 16:30:00,30.3712662,33.268666884542185,33.26040931281276,33.30051051855737,33.26000330734066
2019-06-09 16:40:00,30.3770347,33.30969852460447,33.27583301370736,33.131314070819826,33.2241372182075
2019-06-09 16:50:00,30.4289512,33.348069443911,33.29758192201856,33.0762454265762,33.217210124377935
2019-06-09 17:00:00,30.5016343,33.44166884081889,33.41359704540918,33.4039096721736,33.38066237623128
2019-06-09 17:10:00,30.5743174,33.52319243929834,33.50771046014246,33.51478085340237,33.49497705158759
2019-06-09 17:20:00,30.548936,33.588954870630545,33.576407878759746,33.57515595295719,33.566292439452575
2019-06-09 17:30:00,30.6320024,33.64167794877482,33.62309217927812,33.58809937895104,33.60085942733167
2019-06-09 17:40:00,30.6354635,33.658027353896095,33.61042358687095,33.37591774824614,33.53122550333893
2019-06-09 17:50:00,30.7012244,33.63142762836899,33.53265954056115,33.01437143260853,33.357396469055814
2019-06-09 18:00:00,30.7150688,32.22250902605828,32.16759999529888,32.047693461808855,32.09490302369065
2019-06-09 18:10:00,30.7300669,31.75540966182693,31.739010868633223,31.898136536800884,31.775164164323307
2019-06-09 18:20:00,30.7254521,31.52238678982271,31.517000485549424,31.673741078192265,31.477672119313002
2019-06-09 18:30:00,30.7519872,31.223986607255306,31.26072522831904,31.62885833050972,31.294912706569146
2019-06-09 18:40:00,30.7439113,31.05970617527508,31.076341736199048,31.25742362861656,31.11036283539469
2019-06-09 18:50:00,30.733528000000003,30.883449555743308,30.88987987193817,31.014596013560887,30.92823490222601
2019-06-09 19:00:00,30.686226300000005,30.67947970073939,30.682819155183264,30.78679717741648,30.71428432291653
2019-06-09 19:10:00,30.6089284,30.527506843212347,30.530114814985374,30.61490513530724,30.551472103775374
2019-06-09 19:20:00,30.5973914,30.43752638152178,30.43182491482347,30.44824363470208,30.431296512723577
2019-06-09 19:30:00,30.4843288,30.390763017384867,30.357446283416884,30.185857527924412,30.30156873454
2019-06-09 19:40:00,30.4127994,30.2642090890933,30.18841851731326,29.78785724240397,30.05209404121537
2019-06-09 19:50:00,30.2858924,30.162827524229016,30.05965222894208,29.56867355365944,29.882464054904688
2019-06-09 20:00:00,30.253588800000003,30.05967382779836,29.91029241970554,29.06926376719313,29.63474508961835
2019-06-09 20:10:00,30.0909171,29.93730840130804,29.75016368795564,28.83271532088529,29.40839609880884
2019-06-09 20:20:00,30.0424617,29.824510470038373,29.61840699585692,28.60516110052124,29.25215698514716
2019-06-09 20:30:00,29.9813156,29.772414448559495,29.5777570284988,28.616851270590576,29.238269173295187
2019-06-09 20:40:00,29.9305528,29.71284537378604,29.49744375906368,28.360782607717688,29.116948626912123
2019-06-09 20:50:00,29.845179,29.663239051334855,29.464836662926476,28.52122032488681,29.122673105446363
2019-06-09 21:00:00,29.800184700000003,29.60855998516996,29.413860720792556,28.403671661167436,29.064097767754802
2019-06-09 21:10:00,29.688275800000003,29.561310139346453,29.3779053262989,28.43764049922528,29.04825816525075
2019-06-09 21:20:00,29.635205600000003,29.555194238346385,29.388896298934064,28.61034435613773,29.100889555520084
2019-06-09 21:30:00,29.5509855,29.504695951490376,29.342461839932216,28.56131348506057,29.06002852808844
2019-06-09 21:40:00,29.4736876,29.445131063912264,29.29262801845277,28.56951949345325,29.02675552614415
2019-06-09 21:50:00,29.4206174,29.390367822777847,29.248313375895815,28.58096431421971,28.99863876682156
2019-06-09 22:00:00,29.4390766,29.345230519912736,29.211697914756908,28.59726444741257,28.978288691443876
2019-06-09 22:10:00,29.3363973,29.296733150453825,29.16112041527767,28.542274080891453,28.926389998706107
2019-06-09 22:20:00,29.1691108,29.236761200443265,29.0759444838609,28.29933167915296,28.79114395960929
2019-06-09 22:30:00,29.2383328,29.14205186002106,28.94838487454727,28.04960453711949,28.615387428640215
2019-06-09 22:40:00,29.0618167,29.03984616044304,28.823548223556724,27.883532478363815,28.46966235679645
2019-06-09 22:50:00,29.056048200000003,28.95765429488922,28.7322314919064,27.790299544021796,28.376424654792103
2019-06-09 23:00:00,28.971828100000003,28.928302007573,28.724300891293247,27.942816375986208,28.416734678620838
2019-06-09 23:10:00,28.8887617,28.89815498350522,28.705271484543093,27.950834541236183,28.41473869909692
2019-06-09 23:20:00,28.9441393,28.828087939115733,28.61850923858381,27.733373176389808,28.292372368448977
2019-06-09 23:30:00,28.933756,28.81848902145651,28.62703934545445,27.90239745517389,28.341889760511236
2019-06-09 23:40:00,28.9822114,28.78465806290222,28.606149005013982,27.938149340257297,28.344045168195414
2019-06-15 00:00:00,22.616298211440103,25.20830725844283,24.554361672504044,21.72220388993644,23.579903366081524
2019-06-15 00:10:00,22.607531333647373,25.179901240525176,24.60128400072982,22.16627501440034,23.59496591016854
2019-06-15 00:20:00,22.59876445585464,25.12528093177913,24.50134730709123,21.78272617379306,23.497391751149948
2019-06-15 00:30:00,22.589997578061908,25.10211620617895,24.56382973266123,22.331025838652927,23.744124948689503
2019-06-15 00:40:00,22.581230700269174,25.05995490876465,24.59801804286532,22.52242644424279,23.87830178989655
2019-06-15 00:50:00,22.572463822476443,25.021881950209,24.594467101056697,22.52985258856129,23.907523486616427
2019-06-15 01:00:00,22.563696944683713,24.99922409250484,24.582605668974423,22.67989060887673,23.928230116548757
2019-06-15 01:10:00,22.55493006689098,24.966067746507203,24.543957979691903,22.69533851193065,23.893604480142077
2019-06-15 01:20:00,22.546163189098245,24.913668496083734,24.47510185053957,22.54110844848323,23.795623347395264
2019-06-15 01:30:00,22.537396311305514,24.85262322226851,24.405839050146128,22.42343287615992,23.705911372362248
2019-06-15 01:40:00,22.528629433512783,24.812275359993414,24.403054139371676,22.601922234834475,23.750737777812336
2019-06-15 01:50:00,22.51986255572005,24.76905500578839,24.39772860180149,22.661785513375904,23.770722900927844
2019-06-15 02:00:00,22.51109567792732,24.71484765565455,24.358936284924596,22.59025071043837,23.72741523281982
2019-06-15 02:10:00,22.502328800134585,24.65862208322924,24.30683779807156,22.510114644412848,23.66839921525071
2019-06-15 02:20:00,22.493561922341854,24.60855176524051,24.261458921127236,22.50063491843792,23.630418149973146
2019-06-15 02:30:00,22.48479504454912,24.543415883858255,24.186527543990568,22.364488590561933,23.53749505043775
2019-06-15 02:40:00,22.47602816675639,24.488563439111932,24.137629428336375,22.36186224106149,23.50026037911869
2019-06-15 02:50:00,22.467261288963655,24.439333884722487,24.099886858072804,22.379520990100374,23.48242213458369
2019-06-15 03:00:00,22.458494411170925,24.38251905738385,24.04243181041718,22.285083011867037,23.42093915531104
2019-06-15 03:10:00,22.449727533378194,24.33492318598518,23.99782263902982,22.23354959967633,23.379078455972028
2019-06-15 03:20:00,22.44096065558546,24.29649963308723,23.975397693982863,22.28315511257951,23.38549509576173
2019-06-15 03:30:00,22.432193777792726,24.256006636860526,23.947919378123206,22.31437897205578,23.38862034636599
2019-06-15 03:40:00,22.423426899999995,24.21385879135036,23.912566972245944,22.29973348714353,23.370776794839095
2019-06-15 03:50:00,22.2261442,24.15904586608091,23.84806510650592,22.16231679011175,23.288223457440527
2019-06-15 04:00:00,21.4889299,24.096991013371287,23.766814996770208,22.00151071815048,23.171690826320855
2019-06-15 04:10:00,21.386250600000004,24.04425143044362,23.7100451936669,21.95958413470854,23.1083982934771
2019-06-15 04:20:00,21.6850589,23.989268814517544,23.656131626853167,21.912213095682777,23.056696469486468
2019-06-15 04:30:00,21.6008388,23.93962441995495,23.617581093520823,21.918730575053942,23.038882089936436
2019-06-15 04:40:00,21.7635105,23.88615712780762,23.55947568489399,21.810225032949308,22.971777275953517
2019-06-15 04:50:00,21.8696509,23.83136970613865,23.497595634728185,21.708667313105547,22.896707519997143
2019-06-15 05:00:00,21.9850209,23.78932443966432,23.46541258892027,21.752313385262724,22.88500292495295
2019-06-15 05:10:00,21.5108502,23.74629443418258,23.435964987502665,21.78045567107575,22.88123157825561
2019-06-15 05:20:00,21.3712525,23.70014140098033,23.393826544017735,21.74053701581209,22.8466809207535
2019-06-15 05:30:00,21.6458331,23.65501920017004,23.34831847688609,21.69057078334737,22.80114153613114
2019-06-15 05:40:00,21.8085048,23.60903584920808,23.30248945724553,21.65439070580659,22.756951987955507
2019-06-15 05:50:00,21.8119659,23.56598344543008,23.2624035594472,21.635987932585735,22.723766000817665
2019-06-15 06:00:00,21.6066073,23.53121659760655,23.236579228457295,21.66178325849134,22.716003495665134
2019-06-15 06:10:00,21.2005049,23.498623244657534,23.210468252682947,21.660479740659135,22.702112951779455
2019-06-15 06:20:00,21.780816,23.47167577729893,23.19057670991708,21.671256510860577,22.69511934413115
2019-06-15 06:30:00,21.353947,23.43649130686406,23.167280653893418,21.65179350257708,22.69050005303148
2019-06-15 06:40:00,21.4300912,23.40578021633422,23.12149989080095,21.453506311435174,22.60813121962454
2019-06-15 06:50:00,21.5062354,23.399803211974824,23.12327872497612,21.490406974090494,22.620263060367297
2019-06-15 07:00:00,21.460856533333335,23.406774294850106,23.13129295714807,21.511726974104135,22.62927866034105
2019-06-15 07:10:00,21.415477666666668,23.44073361872305,23.18292134208848,21.75242488546623,22.72362142488204
2019-06-15 07:20:00,21.3700988,23.490555641938727,23.255285843272297,22.0166399142632,22.845563837019643
2019-06-15 07:30:00,21.324719933333334,23.534450593189387,23.31052878544945,22.122766813564876,22.91947542491953
2019-06-15 07:40:00,21.27934106666667,23.56782779119739,23.341843299901917,22.095997021842543,22.93641102202488
2019-06-15 07:50:00,21.233962200000004,23.6076330164392,23.3865368377045,22.096192907628105,22.97679342749278
2019-06-15 08:00:00,21.188583333333337,23.657795670177144,23.432193283161837,22.08231263950216,23.003482855712388
2019-06-15 08:10:00,21.14320446666667,23.693373052520627,23.446009743633898,21.965677243536742,22.97290480314353
2019-06-15 08:20:00,21.097825600000004,23.73175750299885,23.471454652923768,21.91171548831997,22.9702692464748
2019-06-15 08:30:00,21.289685910000003,23.78649178679929,23.5245802404472,21.93863721415522,23.01492624954364
2019-06-15 08:40:00,21.481546220000002,23.84024805873486,23.60002687251257,22.200522856653176,23.13999574546123
2019-06-15 08:50:00,21.67340653,23.852229631992127,23.630017290142845,22.312005976170894,23.215277922740988
2019-06-15 09:00:00,21.86526684,26.028482789010155,25.793032061018277,24.39827353764255,25.368640840016027
2019-06-15 09:10:00,22.057127150000003,26.489987495491537,26.25293732206236,24.831939355268997,25.812905891373692
2019-06-15 09:20:00,22.248987460000002,26.89533947783288,26.65502466891516,25.15723881641815,26.202298856141077
2019-06-15 09:30:00,22.44084777,27.533259827776412,27.299356613305335,25.76922024250157,26.86464514464905
2019-06-15 09:40:00,22.63270808,27.76335344428383,27.547068036551615,26.04843753545632,27.151296541056976
2019-06-15 09:50:00,22.82456839,27.744761077074894,27.53841166231608,26.25116950707224,27.16363487955057
2019-06-15 10:00:00,23.0164287,27.776459011368384,27.571262117809376,26.42481249719119,27.19989758066783
2019-06-15 10:10:00,23.0568082,27.93218667148856,27.736849660544895,26.684179129704805,27.38820933899852
2019-06-15 10:20:00,23.0971877,28.077133829320903,27.886488188348544,26.85535943771672,27.550792995862334
2019-06-15 10:30:00,23.1375672,28.20833771309307,28.01728128749765,26.981958237853064,27.683193866798938
2019-06-15 10:40:00,23.3394647,28.249862784071677,28.024681206622816,26.630177063670065,27.61454931030571
2019-06-15 10:50:00,23.3913812,28.305308421019568,28.05104818015766,26.579830237021422,27.60151645325824
2019-06-15 11:00:00,23.465218,28.43422075525121,28.22079531836558,27.114256747976224,27.855916326849083
2019-06-15 11:10:00,23.6774988,28.549173059717493,28.3363350957115,27.09655545151472,27.949859826577683
2019-06-15 11:20:00,24.8046637,28.6731083988702,28.484558890959956,27.47582021079292,28.159582935146968
2019-06-15 11:30:00,24.83869785,28.79252673120707,28.587315568028668,27.394961633241397,28.22235727496388
2019-06-15 11:40:00,24.872732,28.86365535017911,28.64218546542432,27.456508530578304,28.26264949709852
2019-06-15 11:50:00,24.90676615,29.01617495914178,28.82829050404515,27.846385321953903,28.51173379440168
2019-06-15 12:00:00,24.9408003,29.114634940990022,28.91255568966902,27.842230789859126,28.57099237201695
2019-06-15 12:10:00,24.6939085,29.279682681872945,29.05600913951865,27.87775640944836,28.683711349715747
2019-06-15 12:20:00,24.9131115,29.386730487252596,29.175199719702164,27.96533269157,28.803786021008243
2019-06-15 12:30:00,25.1323145,29.5046134566483,29.28526047802672,27.923496523074586,28.88279933749947
2019-06-15 12:40:00,25.279493657142858,29.62505090576027,29.42782970092715,28.399176269177357,29.096050574225
2019-06-15 12:50:00,25.426672814285713,29.7579744755226,29.576519709798088,28.5837662147236,29.262713508538116
2019-06-15 13:00:00,25.57385197142857,29.798165522837547,29.629242604650404,28.74881512173324,29.3467294679932
2019-06-15 13:10:00,25.72103112857143,29.83564492615177,29.655106642354852,28.623293788080357,29.335546624514695
2019-06-15 13:20:00,25.868210285714287,29.939601370106686,29.75087111483478,28.611142731118903,29.41168172766134
2019-06-15 13:30:00,26.015389442857142,30.01294283687797,29.79695342682009,28.468956572807866,29.411315384755728
2019-06-15 13:40:00,26.1625686,30.099741159642928,29.91858279214908,28.86719248827624,29.592378405090095
2019-06-15 13:50:00,26.2156388,30.213885271129577,30.045354624537175,29.04593951606608,29.738543534450883
2019-06-15 14:00:00,26.268709,30.119155655488168,29.95328534057927,29.06163968767284,29.6851063172176
2019-06-15 14:10:00,26.4163826,30.061756473658846,29.89139490049896,28.9532179695712,29.611862112946184
2019-06-15 14:20:00,26.492959437499998,30.152245455509465,30.00469381288857,29.24939805887911,29.775164613444066
2019-06-15 14:30:00,26.569536274999997,30.21082653464368,30.05770248844986,29.20688855613181,29.799726039367197
2019-06-15 14:40:00,26.6461131125,30.271481688921973,30.08974401896191,29.05018666099937,29.76290243818567
2019-06-15 14:50:00,26.72268995,30.366719844053787,30.211541053217328,29.40503365472042,29.945979931464837
2019-06-15 15:00:00,26.7992667875,30.49921286072506,30.382214848977707,29.75895896867783,30.18060028663461
2019-06-15 15:10:00,26.875843624999998,30.579130080020587,30.468508082683588,29.901178399795317,30.28963164881927
2019-06-15 15:20:00,26.9524204625,30.59420642405784,30.446497510508095,29.558760397753716,30.16571944825184
2019-06-15 15:30:00,27.0289973,30.884269737208157,30.752164413336843,30.08282029292655,30.5370109515604
2019-06-15 15:40:00,27.206378675,30.957462687399108,30.834558591389214,30.14458078330196,30.62251090787241
2019-06-15 15:50:00,27.38376005,31.07044176519143,30.958549953530987,30.34966749008005,30.768449040768346
2019-06-15 16:00:00,27.561141425,31.142953399239364,31.02153144813027,30.392216013353263,30.83028362687422
2019-06-15 16:10:00,27.7385228,31.15873121693519,31.02259510326632,30.332092769516066,30.810687511466533
2019-06-15 16:20:00,27.6808378,31.19092274383631,31.064830652995404,30.37843694224604,30.85177078116077
2019-06-15 16:30:00,27.6231528,31.2261171762153,31.1060413997308,30.48508635727469,30.912424220922166
2019-06-15 16:40:00,27.5654678,31.278037973145537,31.14269144562998,30.35601924340979,30.91140038758122
2019-06-15 16:50:00,27.5077828,31.285739342579788,31.121195505480024,30.12336398915307,30.81966886447741
2019-06-15 17:00:00,27.349437475000002,31.337224911039396,31.199510885152534,30.50655305449561,30.977032448716763
2019-06-15 17:10:00,27.191092150000003,31.27859315637908,31.1344127243103,30.40077815792226,30.90219694799088
2019-06-15 17:20:00,27.032746825,31.21555280218479,31.05292904133576,30.18537510690235,30.79996735773064
2019-06-15 17:30:00,26.8744015,31.18307675114436,31.01651307322289,30.17472669817296,30.763085669259254
2019-06-15 17:40:00,26.81383225,31.156628582195147,30.99335616192849,30.201450515666195,30.74267045117016
2019-06-15 17:50:00,26.753263,31.143075128108695,30.988838491967197,30.251712912561796,30.751941722939648
2019-06-15 18:00:00,26.71472942,29.61092112665372,29.47092672209117,28.82758125688742,29.26086858501884
2019-06-15 18:10:00,26.676195840000002,29.073971561961717,28.94404666305603,28.387357556264348,28.75707470693729
2019-06-15 18:20:00,26.63766226,28.818378152563493,28.70143426475826,28.09430512536514,28.53538746160821
2019-06-15 18:30:00,26.59912868,28.30496604074572,28.21889771425819,27.889415005006487,28.25248580856801
2019-06-15 18:40:00,26.5605951,28.081563954696797,28.013281785698798,27.7877644541864,28.040250491494703
2019-06-15 18:50:00,26.9205495,28.08601686118681,28.021774183460614,27.76407228134821,27.96384032825633
2019-06-15 19:00:00,26.66269755,28.112577916637413,28.046937214661824,27.75991864888949,27.94304319942636
2019-06-15 19:10:00,26.4048456,28.05653857640321,27.988332323581695,27.69274074677477,27.880998050117288
2019-06-15 19:20:00,26.4452251,27.970953874945774,27.90282335215782,27.61315512877807,27.80754480131807
2019-06-15 19:30:00,26.446571083333332,27.89937170845739,27.82837439671729,27.51541814169257,27.734642210409454
2019-06-15 19:40:00,26.447917066666665,27.842164299429562,27.76987058824424,27.45445490943972,27.673642574554975
2019-06-15 19:50:00,26.44926305,27.784586618675057,27.70988103560368,27.38440915343466,27.607777960643087
2019-06-15 20:00:00,26.450609033333333,27.735848425019224,27.660526623154357,27.333116801616,27.55655530855803
2019-06-15 20:10:00,26.451955016666666,27.693266323210366,27.61741724196997,27.284238031046172,27.51238280879384
2019-06-15 20:20:00,26.453301,27.6579174691187,27.583094495931963,27.212890499134858,27.468313434770774
2019-06-15 20:30:00,26.447917066666665,27.615371433838614,27.53809637003381,27.14979328977974,27.419587383615443
2019-06-15 20:40:00,26.442533133333335,27.567154643893,27.486587953090606,27.09479601394356,27.368301874194543
2019-06-15 20:50:00,26.4371492,27.525088158297162,27.44166849374503,27.03480226665185,27.31913968670981
2019-06-15 21:00:00,26.084117000000003,27.485221711512587,27.407545329802293,27.04100359151331,27.296487565483663
2019-06-15 21:10:00,25.7310848,27.453991637584387,27.333673101862733,26.743482021825308,27.1436028336032
2019-06-15 21:20:00,25.50322905,27.32816970064238,27.118246529799826,25.99130321040822,26.760412057722544
2019-06-15 21:30:00,25.275373300000002,27.207203433790376,26.9204225117892,25.24136727466273,26.43330320737668
2019-06-15 21:40:00,25.047517550000002,27.03438027578062,26.62053199057161,24.888813284266,25.95904754676993
2019-06-15 21:50:00,24.8196618,26.932889671466448,26.496820494780277,24.83557496956661,25.81512645101563
2019-06-15 22:00:00,24.59180605,26.84330633594464,26.264325005622396,24.0710785852033,25.378890018577103
2019-06-15 22:10:00,24.3639503,26.75469773995503,26.220999442974176,24.131088308842862,25.40989237345798
2019-06-15 22:20:00,24.364444742857142,26.709696657304896,26.246877359450615,24.343885720149505,25.526018378277403
2019-06-15 22:30:00,24.364939185714285,26.659660140841098,26.329101825107728,24.775880690836843,25.7773671254961
2019-06-15 22:40:00,24.365433628571427,26.63537181588442,26.34340211929571,24.82409194174455,25.830081790542216
2019-06-15 22:50:00,24.36592807142857,26.61116228316836,26.32422607682527,24.830882824460108,25.81794864055574
2019-06-15 23:00:00,24.366422514285713,26.57005436646809,26.25382931639748,24.67322825219662,25.70449314720517
2019-06-15 23:10:00,24.366916957142855,26.52545370484916,26.26574599788845,24.913419100498047,25.806463418217216
2019-06-15 23:20:00,24.3674114,26.44306986900517,26.17873291689438,24.71650874408643,25.70016245804651
2019-06-15 23:30:00,24.367905842857144,26.37456580104648,26.12227953822253,24.72232201402421,25.663180183053814
2019-06-15 23:40:00,24.368400285714287,26.329749917733917,26.09919312136223,24.81518743735649,25.677414620892957
2019-06-16 00:00:00,24.369389171428573,26.27345343587596,26.0632185086286,24.9502633765184,25.687997610763738
2019-06-16 00:10:00,24.369883614285715,26.226143439448578,26.02582784301118,24.944011939769535,25.66668481752735
2019-06-16 00:20:00,24.370378057142858,26.15384203127184,25.951791974222964,24.839468395352824,25.58779945175479
2019-06-16 00:30:00,24.3708725,26.08438186237839,25.88452922919448,24.753078713207618,25.517355214743183
2019-06-16 00:40:00,24.275280214285715,26.018175432061344,25.806464771999888,24.58020787587638,25.4136130427428
2019-06-16 00:50:00,24.17968792857143,25.96955784055647,25.751606477731727,24.56824475037491,25.36162387823377
2019-06-16 01:00:00,24.084095642857143,25.910574335125403,25.67140656457232,24.39813795127648,25.25493283712606
2019-06-16 01:10:00,23.98850335714286,25.82456306354639,25.52200433034651,24.013210020016068,25.011553805777908
2019-06-16 01:20:00,23.892911071428575,25.77656956082371,25.47797469174329,23.835928966719536,24.97967886676136
2019-06-16 01:30:00,23.79731878571429,25.70878041228146,25.410416290690318,23.801448232785468,24.917905868487157
2019-06-16 01:40:00,23.701726500000003,25.678222446286803,25.362179816549265,23.784488209336935,24.848110131491257
2019-06-16 01:50:00,23.7836392,25.630019087052,25.276648504135174,23.648535109623527,24.717989526754163
2019-06-16 02:00:00,23.8586297,25.60691019897726,25.2750151990426,23.77343117087029,24.761911433661147
2019-06-16 02:10:00,23.592125000000003,25.542625417715417,25.14031679343072,23.364628533557983,24.522532267959324
2019-06-16 02:20:00,23.3256203,25.496729527684696,25.09164115283851,23.35796387270193,24.48437745451123
2019-06-16 02:30:00,23.4444514,25.45846465762057,25.125160707068208,23.682630645655387,24.64525513371109
2019-06-16 02:40:00,23.476755,25.424923365542227,25.15248330238292,23.891750055510627,24.75042281404966
2019-06-16 02:50:00,23.5828954,25.372270277445566,24.996025189656056,23.290543402247597,24.417559666854068
2019-06-16 03:00:00,23.580491858333335,25.31191878178928,24.8742248864277,23.086840842829098,24.22855974618318
2019-06-16 03:10:00,23.57808831666667,25.253703629389815,24.80893941847193,23.112270725408255,24.18074762667876
2019-06-16 03:20:00,23.575684775,25.22720789339637,24.85602747701027,23.43370516851036,24.339406237908523
2019-06-16 03:30:00,23.573281233333333,25.192073854687948,24.87060777322068,23.460088763467237,24.387319855557248
2019-06-16 03:40:00,23.570877691666666,25.13656608058712,24.81175248778164,23.249250833806467,24.276986115356475
2019-06-16 03:50:00,23.56847415,25.073745291104263,24.72821852661776,23.08530675683448,24.14690309976135
2019-06-16 04:00:00,23.566070608333334,25.03090281753563,24.725848652468528,23.2749811010822,24.201048229899676
2019-06-16 04:10:00,23.563667066666667,25.005705179856612,24.760756926336335,23.510909594935416,24.31997752161665
2019-06-16 04:20:00,23.561263525,24.983059925469348,24.770793706289883,23.624095068027383,24.375747255003656
2019-06-16 04:30:00,23.55885998333333,24.962646683270464,24.765653411348534,23.69737248686776,24.402209185740052
2019-06-16 04:40:00,23.556456441666665,24.93188393952532,24.7354938985484,23.6576204293838,24.37968944588449
2019-06-16 04:50:00,23.5540529,24.89569821230838,24.698791351611096,23.6087318328008,24.345549427687335
2019-06-16 05:00:00,23.233324300000003,24.86769812934659,24.67366285681053,23.59437190150397,24.32641165841168
2019-06-16 05:10:00,23.6440415,24.84848701113693,24.662250416658743,23.62244638306544,24.32981690338545
2019-06-16 05:20:00,23.4963679,24.821665012106937,24.64045295953073,23.612634502666527,24.31601691287066
2019-06-16 05:30:00,23.4294533,24.78290688210393,24.59643799207057,23.52587462501678,24.26083514411092
2019-06-16 05:40:00,23.434791418531887,24.74937561136757,24.562460436946903,23.49402665930459,24.226108944229146
2019-06-16 05:50:00,23.44012953706378,24.72214866389106,24.54626668081952,23.54345937002432,24.229630396999088
2019-06-16 06:00:00,23.445467655595667,24.687523805705613,24.51654646505563,23.52879885129003,24.206957940858047
2019-06-16 06:10:00,23.450805774127556,24.65273947331284,24.48610831059013,23.517176530179977,24.1828315924388
2019-06-16 06:20:00,23.456143892659444,24.62419406419157,24.46033719014577,23.503100711468228,24.160817579787597
2019-06-16 06:30:00,23.461482011191336,24.60286447397137,24.43855971618722,23.47547803396236,24.136730127544904
2019-06-16 06:40:00,23.466820129723224,24.583258965611453,24.41573436597448,23.428356421178517,24.106283375872767
2019-06-16 06:50:00,23.472158248255113,24.58293304302997,24.42163861452428,23.47660535194912,24.122114762744307
2019-06-16 07:00:00,23.477496366787,24.60585588629786,24.458095275941364,23.590653045257284,24.17888397435853
2019-06-16 07:10:00,23.482834485318893,24.648793824498664,24.51206787776053,23.696599044464836,24.24913937780397
2019-06-16 07:20:00,23.48817260385078,24.71795954726471,24.59055240173049,23.8263225334499,24.346650044289717
2019-06-16 07:30:00,23.49351072238267,24.78573303257572,24.671611201827695,24.00527670086474,24.458448116763535
2019-06-16 07:40:00,23.498848840914558,24.840511080322056,24.742513804639643,24.18968254638436,24.563917791226828
2019-06-16 07:50:00,23.50418695944645,24.82536178923774,24.726913720922944,24.14870133500233,24.54810285557388
2019-06-16 08:00:00,23.50952507797834,24.77964195444534,24.676282222473294,24.046274200100687,24.48543782415691
2019-06-16 08:10:00,23.514863196510227,24.75641992545161,24.65124459990656,23.991515787661733,24.453553055205624
2019-06-16 08:20:00,23.520201315042115,24.80155137356045,24.69441138832593,24.02922244532097,24.4922379851791
2019-06-16 08:30:00,23.525539433574007,24.907804808575044,24.80685333670425,24.204961741177613,24.617829006932652
2019-06-16 08:40:00,23.530877552105895,24.9939610899768,24.90520069260346,24.387830548838764,24.740395556882415
2019-06-16 08:50:00,23.536215670637784,25.02658285068785,24.942845216319,24.444894527701383,24.787110041430317
2019-06-16 09:00:00,23.541553789169672,27.241613247364477,27.14112563195744,26.476067368793128,26.942832009294246
2019-06-16 09:10:00,23.546891907701564,27.558082515920646,27.45643062714752,26.757589543451292,27.25887716194346
2019-06-16 09:20:00,23.552230026233453,27.865004176078656,27.736366458273825,26.88561249151982,27.51693674797149
2019-06-16 09:30:00,23.55756814476534,28.47143025656425,28.31701653828712,27.245635911158423,27.88394545172304
2019-06-16 09:40:00,23.56290626329723,28.62475616949788,28.49660673156704,27.691518814638748,28.217756916698463
2019-06-16 09:50:00,23.56824438182912,28.75564080237338,28.63261144619904,27.883498086520888,28.42691664663979
2019-06-16 10:00:00,23.57358250036101,28.91184093185573,28.79319135859553,28.07659953529356,28.569538278598927
2019-06-16 10:10:00,23.578920618892898,29.048186540038163,28.892788034007648,27.91847993261425,28.587166090165574
2019-06-16 10:20:00,23.58425873742479,29.1322591421933,28.960628314442125,27.88200971663025,28.630001046938048
2019-06-16 10:30:00,23.589596855956678,29.144279471788664,28.95458336657222,27.804312076540405,28.61170201438808
2019-06-16 10:40:00,23.594934974488567,29.243143990001293,29.08294650067508,28.19970922217117,28.79896686016795
2019-06-16 10:50:00,23.600273093020455,29.409783569944015,29.27546174995674,28.55475406186938,29.04224606955202
2019-06-16 11:00:00,23.605611211552347,29.529917118567734,29.398407460548956,28.6793871020838,29.171564673199377
2019-06-16 11:10:00,23.610949330084235,29.62747306393679,29.513015966329185,28.923657174775528,29.320883401273697
2019-06-16 11:20:00,23.616287448616124,29.83125006798388,29.73677513010398,29.204844683837837,29.57138921789349
2019-06-16 11:30:00,23.621625567148012,29.98089093003796,29.87209149614903,29.15420261443601,29.66655882051645
2019-06-16 11:40:00,23.626963685679904,30.039807001798117,29.915362949800667,29.182461084972964,29.694057763176467
2019-06-16 11:50:00,23.632301804211792,30.12897298207673,30.01946893962219,29.426856767501768,29.83350274348164
2019-06-16 12:00:00,23.63763992274368,30.18939407696775,30.058698933302985,29.30419035315268,29.836970063639768
2019-06-16 12:10:00,23.64297804127557,30.299891419642076,30.15414345832525,29.22156349560065,29.87839647833739
2019-06-16 12:20:00,23.64831615980746,30.365277823667128,30.190049552324293,29.04495942780483,29.85569418453468
2019-06-16 12:30:00,23.65365427833935,30.53773050995521,30.36983537548613,29.511619577068625,30.07824041277243
2019-06-16 12:40:00,23.658992396871238,30.644447533094457,30.465295019875203,29.40982068719054,30.1357720168312
2019-06-16 12:50:00,23.664330515403126,30.777388703388382,30.61289618951271,29.64432186315309,30.323468800034988
2019-06-16 13:00:00,23.669668633935018,30.77091948299716,30.62559677815411,29.86630134596511,30.38546689172848
2019-06-16 13:10:00,23.675006752466906,30.85202790274563,30.710152640174798,29.891722612898928,30.456253739637543
2019-06-16 13:20:00,23.680344870998795,30.95891250365963,30.813061665581,29.98152802660488,30.57195003165698
2019-06-16 13:30:00,23.685682989530683,31.01767863953486,30.85605446127477,29.98094649251196,30.59651025452841
2019-06-16 13:40:00,23.691021108062575,31.05905452795401,30.912638538200053,30.180466822381955,30.681639616061084
2019-06-16 13:50:00,23.696359226594463,31.16032606368555,31.0336963829033,30.413801544065244,30.836389458635423
2019-06-16 14:00:00,23.70169734512635,31.12961196689921,31.01000163238499,30.42250429200834,30.824647778615947
2019-06-16 14:10:00,23.707035463658244,31.130307143436585,31.008967329608048,30.362077959807248,30.802933817384183
2019-06-16 14:20:00,23.712373582190132,31.19523377756672,31.084216901489462,30.54518427845631,30.90898497936128
2019-06-16 14:30:00,23.71771170072202,31.346696048677494,31.254190472397667,30.746840877145598,31.095306560684023
2019-06-16 14:40:00,23.72304981925391,31.437163117426095,31.34264656489674,30.81125658574515,31.171675203276664
2019-06-16 14:50:00,23.7283879377858,31.498000450676496,31.391752929383212,30.760950204353307,31.19193504293024
2019-06-16 15:00:00,23.73372605631769,31.513207846228603,31.35117725884985,30.428831379720528,31.06134772646584
2019-06-16 15:10:00,23.739064174849577,31.542953877498384,31.3597812460657,30.348370710743,31.032979272891826
2019-06-16 15:20:00,23.744402293381466,31.553493235911542,31.35914131545949,30.321077554588427,31.005611285545086
2019-06-16 15:30:00,23.749740411913358,31.72604850756342,31.5685989048906,30.620928960803923,31.260692972810556
2019-06-16 15:40:00,23.755078530445246,31.9253957003438,31.795809655224424,30.943772729423813,31.529022558865822
2019-06-16 15:50:00,23.760416648977134,31.93684351394148,31.77916796577835,30.85809706526752,31.483961786319654
2019-06-16 16:00:00,23.765754767509023,31.730385339325416,31.487708669025288,30.122101997868292,31.05175045488437
2019-06-16 16:10:00,23.771092886040915,31.61937702200724,31.38514933041707,30.076903472558904,30.980930684164363
2019-06-16 16:20:00,23.776431004572803,31.62019724150877,31.406776719482583,30.22042635484542,31.04338507357668
2019-06-16 16:30:00,23.78176912310469,31.66545309991499,31.433758806420812,30.149494687269367,31.037111266858027
2019-06-16 16:40:00,23.78710724163658,31.86244450072624,31.663921970232366,30.63185552594035,31.34320538051848
2019-06-16 16:50:00,23.792445360168472,32.03289182398453,31.843822203455087,30.92857808086302,31.63867915231277
2019-06-16 17:00:00,23.79778347870036,32.20671265008028,32.01449379235018,30.84310711398044,31.654293634659968
2019-06-16 17:10:00,23.80312159723225,32.25362116831491,32.04901947793769,30.840324464631856,31.641925711908293
2019-06-16 17:20:00,23.808459715764137,32.26019511579028,32.07389787891701,31.071462786799213,31.74756974635318
2019-06-16 17:30:00,23.81379783429603,32.25813204377751,32.045597844057696,30.91222995306716,31.69775539925097
2019-06-16 17:40:00,23.819135952827917,32.25080463749106,32.03777377379459,30.77288719985916,31.659568242228723
2019-06-16 17:50:00,23.824474071359806,32.23180525832788,32.02921989700699,30.8814663191264,31.689944791001572
2019-06-16 18:00:00,23.829812189891697,30.63298352441466,30.437829371773603,29.436928688639316,30.126780206160973
2019-06-16 18:10:00,23.835150308423586,29.46268062060727,29.91977874226016,29.181984258046796,29.67848493902228
2019-06-16 18:20:00,23.840488426955474,29.57012167091235,29.713451255630694,29.05714043230103,29.39008867580578
2019-06-16 18:30:00,23.845826545487363,29.51470189231163,29.18498435454036,28.77671933532587,29.168471720034997
2019-06-16 18:40:00,23.851164664019255,29.228141951851892,28.97353219933236,28.571617943971347,28.94229175062064
2019-06-16 18:50:00,23.856502782551143,28.986621820674802,28.89830389110414,28.48745397477693,28.7783321540792
2019-06-16 19:00:00,23.86184090108303,28.881200924108438,28.84883747214671,28.46604791255654,28.70327544098785
2019-06-16 19:10:00,23.86717901961492,28.834003724743464,28.78492932708253,28.451572037416494,28.668079553568493
2019-06-16 19:20:00,23.87251713814681,28.77526511372765,28.700579629251987,28.33721263927241,28.59241881137329
2019-06-16 19:30:00,23.8778552566787,28.706355571694612,28.623886077496454,28.217809867687212,28.50639836603343
2019-06-16 19:40:00,23.88319337521059,28.642163604349783,28.561523179121316,28.12386154022816,28.429313174755684
2019-06-16 19:50:00,23.888531493742477,28.57601711476423,28.483128801349448,27.958410577352332,28.321002485483262
2019-06-16 20:00:00,23.89386961227437,28.503049946749123,28.39120483423372,27.77109355535268,28.19890904021788
2019-06-16 20:10:00,23.899207730806257,28.431419270064083,28.305202345500053,27.62370129808652,28.09327121353912
2019-06-16 20:20:00,23.904545849338145,28.35948080385413,28.19805980710146,27.295863725588376,27.92154007686865
2019-06-16 20:30:00,23.909883967870034,28.24196261766522,28.07004987309904,27.07929295712344,27.77290738248524
2019-06-16 20:40:00,23.915222086401926,28.139972959360588,27.96174902524316,26.93549609244343,27.653964667061967
2019-06-16 20:50:00,23.920560204933814,28.125125902024838,27.94201919751982,26.91744799812136,27.62764719369106
2019-06-16 21:00:00,23.925898323465702,28.07794657915988,27.874804803311772,26.74802577436577,27.52801471598824
2019-06-16 21:10:00,23.93123644199759,27.96591613228131,27.719919556687344,26.39361629279048,27.29831560979064
2019-06-16 21:20:00,23.936574560529483,27.91440245851605,27.679783646715457,26.32589144530061,27.27564184753276
2019-06-16 21:30:00,23.94191267906137,27.803250630299367,27.56359468611581,26.276503147218648,27.141889004395487
2019-06-16 21:40:00,23.94725079759326,27.740451052282133,27.48857196549359,26.16093028627987,27.043601651354983
2019-06-16 21:50:00,23.952588916125148,27.69547895167326,27.46018634313905,26.187376243237704,27.040937394973295
2019-06-16 22:00:00,23.95792703465704,27.63817035263069,27.436213215514176,26.30018218668137,27.07096078242153
2019-06-16 22:10:00,23.963265153188928,27.568852202430016,27.387560454543937,26.31514830105798,27.052294172297486
2019-06-16 22:20:00,23.968603271720816,27.511510432681003,27.35048284433408,26.370964790274048,27.052045504669916
2019-06-16 22:30:00,23.97394139025271,27.45923058982125,27.306614340116678,26.433416000646865,27.035101265804997
2019-06-16 22:40:00,23.979279508784597,27.402719523949603,27.22288665156772,26.186406487787643,26.89934556419082
2019-06-16 22:50:00,23.984617627316485,27.35101008884831,27.176418376534407,26.18246150484888,26.86209428450857
2019-06-16 23:00:00,23.989955745848373,27.29382044089909,27.115938272011967,26.13395723563988,26.800466113722123
2019-06-16 23:10:00,23.995293864380265,27.251546077522278,27.07906272173685,26.156979887494508,26.779107658670224
2019-06-16 23:20:00,24.000631982912154,27.219796657977508,27.05332865162436,26.134856341761495,26.7634498185083
2019-06-16 23:30:00,24.005970101444042,27.19194852007937,27.03368761524548,26.16753705696689,26.75810020943409
2019-06-16 23:40:00,24.01130821997593,27.15339676899164,26.987402957178528,26.08976969552528,26.697032939302087
2019-06-22 00:00:00,27.8654298,27.71297491355481,27.535732397376258,26.586708305015968,27.22833157171274
2019-06-22 00:10:00,27.6312287,27.6333597140296,27.463015891174877,26.5810666360102,27.175387498187852
2019-06-22 00:20:00,27.4731718,27.554712677901883,27.329015601655293,26.04377411981938,26.93067174874067
2019-06-22 00:30:00,27.364724,27.43031840198271,27.197371632138367,25.97685384057195,26.800196777712735
2019-06-22 00:40:00,27.5204735,27.36459306749089,27.15130411000637,26.077120497982815,26.7957519387692
2019-06-22 00:50:00,27.495092100000004,27.345552502923184,27.16112188704984,26.22352461557368,26.8543982536825
2019-06-22 01:00:00,27.5193198,27.32551867048763,27.154034312384788,26.23570505816003,26.86270341849072
2019-06-22 01:10:00,27.6289213,27.292125556877277,27.018073828900896,25.564418236488294,26.54173490927218
2019-06-22 01:20:00,27.4131794,27.255324482682934,26.91883141523951,25.36684148641256,26.366979305287185
2019-06-22 01:30:00,27.099373,27.21108173506245,26.85948340689708,25.384915872736865,26.309992512143065
2019-06-22 01:40:00,27.1074489,27.15411671411001,26.869714697421,25.69373630121004,26.43844554689352
2019-06-22 01:50:00,27.0774527,27.083740364334442,26.66337737058793,24.927526085686893,26.02365496576358
2019-06-22 02:00:00,27.0013085,26.94393148557347,26.37049571556799,24.2266972205735,25.531308609906688
2019-06-22 02:10:00,26.785566600000003,26.73944819119145,26.123157877481876,23.93117712618997,25.385872752364445
2019-06-22 02:20:00,26.5006027,26.558634887262787,26.03075019789339,23.86964122208803,25.30190002756036
2019-06-22 02:30:00,26.2998589,26.406324122879745,25.83183007421811,23.305405048575487,24.989393575323888
2019-06-22 02:40:00,26.1475705,26.130568772048345,25.48111980865632,22.590225233955977,24.573283201150605
2019-06-22 02:50:00,26.0483523,26.020243796033636,25.42768028522438,22.883945895458147,24.51340101954696
2019-06-22 03:00:00,25.7091645,26.04078704011132,25.535966140481285,23.341363376904027,24.75715367480981
2019-06-22 03:10:00,25.8683751,25.96181014294894,25.50066650185019,23.280300246797296,24.748306035655677
2019-06-22 03:20:00,25.6999349,25.903310552659857,25.463035010497343,23.355786118895814,24.74538645945148
2019-06-22 03:30:00,25.5141892,25.838718416014785,25.42166043485971,23.453493370079585,24.746729547378905
2019-06-22 03:40:00,25.3607471,25.73589506766004,25.30704070623788,23.04696806386883,24.59448120302109
2019-06-22 03:50:00,25.3019084,25.65613692522805,25.224537521211882,23.049737222778436,24.509400243004745
2019-06-22 04:00:00,25.2696048,25.586013185129467,25.11615107823848,22.660814774339837,24.32170038624788
2019-06-22 04:10:00,25.045787,25.51227806902398,24.924932877529976,22.08062110529573,23.95863563341961
2019-06-22 04:20:00,24.8531191,25.440221563348267,24.78402501207458,21.81060854620372,23.740266095568494
2019-06-22 04:30:00,24.9361855,25.405951685673305,24.858831879273907,22.36490021063502,23.99741386637057
2019-06-22 04:40:00,24.8750394,25.35224370132767,24.90257526467628,22.52492543208182,24.174081753408704
2019-06-22 04:50:00,24.8138933,25.303926661363064,24.915714884669327,22.957692424436416,24.29251874873826
2019-06-22 05:00:00,24.9165726,25.27227913594746,24.887903179790897,23.070218365640986,24.27600169788704
2019-06-22 05:10:00,24.8773468,25.21398144362424,24.783759320369608,22.740497959240784,24.10258392613749
2019-06-22 05:20:00,24.9361855,25.138008172674414,24.64301272764746,22.44690621311796,23.877815974570947
2019-06-22 05:30:00,24.838121,25.140520015302457,24.698613819222572,22.726443872940564,24.034852779230494
2019-06-22 05:40:00,24.8623487,25.07072255542372,24.63634581873469,22.68043796781976,23.97331881364748
2019-06-22 05:50:00,24.9811798,25.00954573765126,24.58026182445484,22.65937488282191,23.917014866044784
2019-06-22 06:00:00,24.780436,24.955988213199692,24.490483961759452,22.27563504494188,23.740622738213276
2019-06-22 06:10:00,24.7712064,24.891243420741652,24.45068617192724,22.481747557493946,23.776374850707924
2019-06-22 06:20:00,24.525468300000004,24.827705309500104,24.42508576607408,22.61581663147385,23.79854834384956
2019-06-22 06:30:00,24.4354797,24.75545766506641,24.360007010256886,22.435047857994537,23.69634876524455
2019-06-22 06:40:00,24.4124057,24.696247223086495,24.293727591032596,22.277847331482317,23.590464137167228
2019-06-22 06:50:00,24.3512596,24.64828232285059,24.24212095764816,22.24753833940187,23.53254034848396
2019-06-22 07:00:00,24.3847169,24.619800227559104,24.21839311505537,22.25813065562168,23.51822360670389
2019-06-22 07:10:00,24.3847169,24.62299300225559,24.24002301699496,22.366429957198918,23.56721715541
2019-06-22 07:20:00,24.4597074,24.62721311118828,24.24353970312677,22.33411420086927,23.560043185396054
2019-06-22 07:30:00,24.3362615,24.632115617711428,24.251551908559968,22.349073435707748,23.566733833229677
2019-06-22 07:40:00,24.473551800000003,24.633425232940763,24.268310818885418,22.410028797675743,23.602666049759332
2019-06-22 07:50:00,24.3016505,24.64255898997881,24.300797771658093,22.513299869266728,23.670588362366708
2019-06-22 08:00:00,24.4574,24.66735444179797,24.339528580095017,22.57993050697764,23.72976490696827
2019-06-22 08:10:00,24.3281856,24.71996815573072,24.417954400246533,22.787373449465527,23.858061234470828
2019-06-22 08:20:00,24.3131875,24.752757719458348,24.473468887899987,22.93959050353013,23.964242630055455
2019-06-22 08:30:00,24.3570281,24.76588965562005,24.50939600366084,23.074482362183613,24.047978922506577
2019-06-22 08:40:00,24.3431837,24.77310445768255,24.52865798120546,23.072607499649088,24.080281556257283
2019-06-22 08:50:00,24.4089446,24.76424819052888,24.49404101432465,22.869187734919727,23.993113830142004
2019-06-22 09:00:00,24.4366334,27.017143472898923,26.744460820126935,25.03691171739164,26.264532750615324
2019-06-22 09:10:00,24.5693089,27.383012888809397,27.11375388386936,25.308023728487363,26.600039572975287
2019-06-22 09:20:00,24.6293013,27.684433692602063,27.418101930157384,25.75834151020817,26.91694161221128
2019-06-22 09:30:00,24.6685271,28.200026622732945,27.919215454409358,26.01200333556691,27.384676620008424
2019-06-22 09:40:00,24.7677453,28.39248018297807,28.109633347227614,26.281122925725853,27.579294600270266
2019-06-22 09:50:00,24.8508117,28.4488633105986,28.17253678955234,26.542612309872386,27.66432355031056
2019-06-22 10:00:00,24.9581058,28.64439349091897,28.396382343300985,26.963790958404736,27.945723958027155
2019-06-22 10:10:00,25.0469407,28.815641027413964,28.57183157526446,27.14298635018953,28.129362435682772
2019-06-22 10:20:00,25.1023183,28.99957537863509,28.7804855756515,27.504995809199414,28.38944715761991
2019-06-22 10:30:00,25.1392367,29.168583441077896,28.95782873582348,27.73642723113984,28.584978680766454
2019-06-22 10:40:00,25.334212,29.26123023869095,29.066049615152846,28.00710755779636,28.72586738106725
2019-06-22 10:50:00,25.4934226,29.38363609954968,29.178499757422006,28.04392384278796,28.81844638883248
2019-06-22 11:00:00,25.5545687,29.46874257831383,29.260572309920637,28.10484075863194,28.897486423229687
2019-06-22 11:10:00,25.6814757,29.508020280135053,29.283372827566286,28.06027192462923,28.894825281330217
2019-06-22 11:20:00,25.8049216,29.592864798184163,29.399527282588508,28.38264992791792,29.074111726860988
2019-06-22 11:30:00,25.9122157,29.723376265695656,29.555069020123856,28.695820725475528,29.27435957631105
2019-06-22 11:40:00,26.1014225,29.868036376270883,29.66696547880921,28.480991290738892,29.287447954736887
2019-06-22 11:50:00,26.0921929,29.9549146510315,29.682950142053176,28.06307921976308,29.14638793076601
2019-06-22 12:00:00,26.070272600000003,29.95666184794517,29.69960839558424,28.206417185119168,29.252555146293638
2019-06-22 12:10:00,26.0910392,30.044021915340814,29.80189066529091,28.419769734330774,29.428731834075368
2019-06-22 12:20:00,26.1856426,30.154119487128117,29.878359116151156,28.34835086167168,29.422097056107255
2019-06-22 12:30:00,26.3287014,30.266678018332563,29.98662656162039,28.296001957769526,29.480717697121936
2019-06-22 12:40:00,26.4267659,30.406620550483137,30.16134694556389,28.72315691825694,29.72670560006424
2019-06-22 12:50:00,26.6275097,30.51137607166301,30.28035204281487,29.13241827768695,29.90446695879473
2019-06-22 13:00:00,26.6875021,30.59580720616548,30.40663299977671,29.426894259484968,30.11883914658003
2019-06-22 13:10:00,26.838636800000003,30.642025914713575,30.46284505563604,29.493204318893763,30.183733039399225
2019-06-22 13:20:00,26.9436235,30.663607280231936,30.431074668597567,29.248683144298937,30.07321926302353
2019-06-22 13:30:00,27.0543787,30.683923374683523,30.38315676223152,28.682455347371004,29.86375716226033
2019-06-22 13:40:00,27.0520713,30.76755157260766,30.475075498117008,28.699001816425625,29.93734674120227
2019-06-22 13:50:00,27.1905153,30.907741456245507,30.6682461175154,29.3819151187284,30.237452290725734
2019-06-22 14:00:00,27.2885798,30.850117023828357,30.624105241978548,29.41166755918847,30.23814379246725
2019-06-22 14:10:00,27.3612629,30.844528493613456,30.617973705498176,29.33151409696396,30.23094200646186
2019-06-22 14:20:00,27.386644300000004,30.946781981367696,30.76536702118824,29.888529672105967,30.482133032428116
2019-06-22 14:30:00,27.5700826,31.04141120622975,30.883128976265024,30.15819756201859,30.645842400723936
2019-06-22 14:40:00,27.643919399999994,31.141559370871278,30.985828208509336,30.223323418803776,30.75041086020063
2019-06-22 14:50:00,27.6462268,31.17508019978475,31.002880652929317,30.13004667147799,30.736108509270828
2019-06-22 15:00:00,27.7258321,31.189214970684837,31.03328182203336,30.095767046528863,30.74146891047929
2019-06-22 15:10:00,27.801976300000003,31.23580197453504,31.073719083350237,30.09433205645869,30.778968779879516
2019-06-22 15:20:00,27.800822600000004,31.263365874729164,31.11149368496295,30.32715478548956,30.866604416826057
2019-06-22 15:30:00,27.8446632,31.456841049020728,31.26572961356371,30.191473418465684,30.93382781757402
2019-06-22 15:40:00,27.9023482,31.57403920099798,31.40293749706941,30.41315638343459,31.103010846561613
2019-06-22 15:50:00,27.964648,31.67031557876107,31.482638459222095,30.43274033091081,31.179582193570724
2019-06-22 16:00:00,27.8642761,31.69328148952188,31.553231425321684,30.85762194845457,31.33535266700224
2019-06-22 16:10:00,27.8412021,31.598763436941216,31.45509502809339,30.72616822907264,31.238023790049052
2019-06-22 16:20:00,27.8342799,31.575941499416963,31.394812963385704,30.420709815019254,31.1007469185792
2019-06-22 16:30:00,27.8319725,31.531959144979417,31.33406682621432,30.270477720581,31.01608384886033
2019-06-22 16:40:00,27.8250503,31.4771726400693,31.27641267267361,30.238257137063567,30.961386418850452
2019-06-22 16:50:00,27.7292932,31.43323890558917,31.18036681348766,29.70778853833198,30.74347596860453
2019-06-22 17:00:00,27.7904393,31.42463471939312,31.18379713952545,29.86196222731513,30.792242233784545
2019-06-22 17:10:00,27.8100522,31.45084137618972,31.219637412173487,29.879728162631277,30.82597377961015
2019-06-22 17:20:00,27.8204355,31.46381880401385,31.2185059802274,29.71008609144159,30.774861451322735
2019-06-22 17:30:00,27.7869782,31.429172504765223,31.170334185239568,29.57323815287028,30.697221519868442
2019-06-22 17:40:00,27.7177562,31.383342382549568,31.13403851412712,29.825255632597127,30.725517235973705
2019-06-22 17:50:00,27.705065500000003,31.369250402541535,31.12929174847691,29.963593620245412,30.763119691294342
2019-06-22 18:00:00,27.6773767,29.86908094863548,29.64419352603988,28.4480317506163,29.273513477348708
2019-06-22 18:10:00,27.664686,29.30885917204424,29.043277981529005,27.74999514032372,28.61922513198236
2019-06-22 18:20:00,27.6866063,29.01301434691975,28.75750916187349,27.541436189350495,28.35595209510185
2019-06-22 18:30:00,27.618538,28.43201036729436,28.214635115435694,27.329187538306147,27.87422470737324
2019-06-22 18:40:00,27.6289213,28.16598140643054,27.988191398994577,27.20095671812982,27.70391751815257
2019-06-22 18:50:00,27.6739156,28.14084430122234,27.974831115074892,27.110897083731345,27.70316880895988
2019-06-22 19:00:00,27.607001,28.1583150687074,28.002530944317527,27.139534110791384,27.74248227418309
2019-06-22 19:10:00,27.5389327,28.096198521348676,27.935432999059888,27.057096113050648,27.667034801205677
2019-06-22 19:20:00,27.5170124,27.998463002519493,27.83268694492124,26.958987824250126,27.56013418242457
2019-06-22 19:30:00,27.4766329,27.91154287623989,27.757939435719255,27.023714019815827,27.528066690505042
2019-06-22 19:40:00,27.4258701,27.85682799072595,27.721096897523168,27.115134359856615,27.535566940092686
2019-06-22 19:50:00,27.4085646,27.809421727995215,27.679604901554264,27.07182064728845,27.501109289789436
2019-06-22 20:00:00,27.2943483,27.75188051386919,27.62267646062339,26.920413116091197,27.41841883771021
2019-06-22 20:10:00,27.2908872,27.681225958509422,27.53663608618988,26.73105207393532,27.304252995365218
2019-06-22 20:20:00,27.214743,27.61044800571135,27.460674503917723,26.684192053017135,27.23500943316954
2019-06-22 20:30:00,27.1362914,27.532346170604683,27.38548039281924,26.627184118515896,27.16915029713332
2019-06-22 20:40:00,27.0082307,27.47235983686324,27.26706375180462,26.27408711065108,26.980143698017887
2019-06-22 20:50:00,26.903244,27.38667377536484,27.16097866869319,26.013706113578383,26.81912487363288
2019-06-22 21:00:00,26.8524812,27.2830446258294,27.00657053756754,25.59365554256479,26.543054960958838
2019-06-22 21:10:00,26.8017184,27.203306840987448,26.894710719647776,25.369972812317,26.36192538062682
2019-06-22 21:20:00,26.7555704,27.152241400359213,26.84865690809627,25.427902230687728,26.32695274658257
2019-06-22 21:30:00,26.809794300000004,27.120631292695123,26.80923783368901,25.3216463331413,26.276381093567867
2019-06-22 21:40:00,26.8144091,27.08292608647457,26.80658895266584,25.43746922923761,26.3306231442726
2019-06-22 21:50:00,26.7786444,27.03238426974481,26.80144666346223,25.586933543830785,26.397519529864564
2019-06-22 22:00:00,26.7717222,26.980054606817436,26.79297502738744,25.810196909605448,26.474539520173856
2019-06-22 22:10:00,26.753263,26.944062493140905,26.718739759072104,25.49239395732539,26.32609076463173
2019-06-22 22:20:00,26.6621207,26.871909717823343,26.64377994201392,25.408290822729704,26.24097893706565
2019-06-22 22:30:00,26.5075249,26.81098383946229,26.574735372230464,25.31882041988204,26.15692011213203
2019-06-22 22:40:00,26.4383029,26.74442991318431,26.476494211308008,25.09171362754727,26.007106921467813
2019-06-22 22:50:00,26.318318100000003,26.68256097218643,26.367487031465203,24.78154656754191,25.824288524920828
2019-06-22 23:00:00,26.2525572,26.609976191388377,26.288821736136065,24.70752289104787,25.74695319438972
2019-06-22 23:10:00,26.176413,26.513997440251337,26.17955939543581,24.57570911914203,25.63091620443653
2019-06-22 23:20:00,26.151031600000003,26.478907459765598,26.19831871063095,24.886707692913497,25.753639652112064
2019-06-22 23:30:00,26.061043,26.428951536916596,26.187503725726895,24.965660103635983,25.790730312447906
2019-06-22 23:40:00,25.9664396,26.34927359793771,26.07016074942592,24.579014746632534,25.597785140707284
2019-06-23 00:00:00,25.8314567,26.233964019975375,25.95082955459674,24.425095203673,25.484548907105363
2019-06-23 00:10:00,25.7472366,26.16864871295701,25.809261349465977,24.048662492588488,25.225106427704333
2019-06-23 00:20:00,25.6491721,26.095275120099643,25.69179904232753,23.917131827451247,25.06538927300385
2019-06-23 00:30:00,25.6180222,26.07140995953139,25.715819125399467,24.154988938333943,25.17246144854052
2019-06-23 00:40:00,25.6364814,26.018898877811655,25.67183046227773,24.099235610944387,25.13660826085208
2019-06-23 00:50:00,25.6191759,25.965385693479558,25.6256420245272,24.10107669048563,25.10386924420405
2019-06-23 01:00:00,25.4622727,25.91751748746135,25.528709093877225,23.82913185225419,24.93706571536897
2019-06-23 01:10:00,25.4334302,25.84393261721153,25.414430126723747,23.5632434380099,24.76727768946128
2019-06-23 01:20:00,25.4253543,25.734891181766763,25.307083736063852,23.553618290913636,24.68297882115582
2019-06-23 01:30:00,25.3653619,25.673003524869344,25.32511530690913,23.814436027698456,24.808830597603013
2019-06-23 01:40:00,25.4115099,25.637540739903066,25.3505862902901,24.09923331868053,24.92747553944479
2019-06-23 01:50:00,25.3411342,25.649312379516132,25.361353906997884,24.157679078825083,24.94765340530896
2019-06-23 02:00:00,25.258067800000003,25.653947534999457,25.37790721146599,24.248896536312,24.98490300351997
2019-06-23 02:10:00,25.2742196,25.61915945090997,25.362010558583854,24.254655632856696,24.97742928587572
2019-06-23 02:20:00,25.1219312,25.576882856635255,25.289645531571356,23.91805412967536,24.826504580386175
2019-06-23 02:30:00,25.0907813,25.49891991718032,25.167126395399883,23.55991267695675,24.62367639628312
2019-06-23 02:40:00,25.0054075,25.41909262870955,25.03885106355478,23.34065800853392,24.44009204552747
2019-06-23 02:50:00,24.9442614,25.377320567837923,25.00853553162199,23.470746683327818,24.448065669284414
2019-06-23 03:00:00,24.976565,25.39164499330941,25.05762540678449,23.62031847112905,24.52860908167019
2019-06-23 03:10:00,24.9096504,25.36752370498702,25.067029805617807,23.673785751100265,24.558484896520117
2019-06-23 03:20:00,24.883115300000004,25.341656485455587,25.051211809109677,23.674220684476467,24.545852512514088
2019-06-23 03:30:00,24.8000489,25.29699454953445,25.033932620086745,23.733552982130426,24.56899988373884
2019-06-23 03:40:00,24.939646600000003,25.215062923983776,24.99343695479425,23.85746919026989,24.60054509488318
2019-06-23 03:50:00,24.9165726,25.14569409219918,24.94271549418168,23.864695899226962,24.58928329725677
2019-06-23 04:00:00,24.9165726,25.09634218666206,24.89190369308781,23.77443853187664,24.53916646729588
2019-06-23 04:10:00,24.9315707,25.047889226575784,24.831731236691382,23.62087478338231,24.45244687119463
2019-06-23 04:20:00,24.8138933,25.034187318496837,24.827179821653584,23.6122199053897,24.449413218433733
2019-06-23 04:30:00,24.8819616,24.973606073334626,24.75433745951473,23.502247679353303,24.36196380570333
2019-06-23 04:40:00,24.7862045,24.898914268823734,24.66464972060223,23.30411229009031,24.23663939993704
2019-06-23 04:50:00,24.8012026,24.82767323989932,24.59065380373651,23.24170685410694,24.155591806741867
2019-06-23 05:00:00,24.9811798,24.77435929417152,24.406971080751063,22.403728001203618,23.72007805781021
2019-06-23 05:10:00,24.3858706,24.72164660919733,24.164373723517336,22.14788802263399,23.212029497506467
2019-06-23 05:20:00,23.7790244,24.67430624588902,24.132256163360292,22.28778626846812,23.264159271647852
2019-06-23 05:30:00,23.5309789,24.580417812518697,24.053676154564982,21.89179059438541,23.196702113371018
2019-06-23 05:40:00,23.5402085,24.465206456134144,24.01060719244684,22.02334631003839,23.263265757713317
2019-06-23 05:50:00,23.8736278,24.375317349496918,23.99667534930789,22.276981390700623,23.357069814073796
2019-06-23 06:00:00,23.8724741,24.315965474578455,23.97733951844119,22.338578812544128,23.379816906906136
2019-06-23 06:10:00,23.949772,24.24770581705752,23.896911848206148,22.123371890283973,23.263901345349243
2019-06-23 06:20:00,23.7917151,24.143615386393996,23.619779348233315,21.16727791613095,22.762290685261107
2019-06-23 06:30:00,23.5771269,24.025762382075747,23.373597921949937,20.64443814535936,22.12505669737476
2019-06-23 06:40:00,23.3798442,23.951460110919996,23.067368551591688,20.034716443921848,21.766034653943933
2019-06-23 06:50:00,23.4467588,23.953704751411337,22.992474345838648,20.50112655328621,21.90142082247649
2019-06-23 07:00:00,23.3556165,23.948698164037253,23.103399884841934,20.707464955338367,22.088995626275096
2019-06-23 07:10:00,23.3279277,23.975965155778827,23.23245916515685,21.038493156971775,22.324173197297974
2019-06-23 07:20:00,23.3763831,23.993005751042972,23.379504386838867,21.403840509310704,22.5843820399117
2019-06-23 07:30:00,23.4894457,24.047163714697408,23.685131505175768,22.073704150215683,23.10909339258144
2019-06-23 07:40:00,23.6417341,24.06093957681277,23.807447298131095,22.289827295025407,23.326351616087774
2019-06-23 07:50:00,23.6013546,24.04465419067011,23.80950825717929,22.40809999233936,23.368174880506597
2019-06-23 08:00:00,23.7109561,24.01929893078371,23.76138407763823,22.342919793437176,23.305224484068564
2019-06-23 08:10:00,23.8170965,24.011322249508723,23.741522788322897,22.31596446536876,23.275632709129056
2019-06-23 08:20:00,23.8540149,24.018795285627213,23.75440952409144,22.34593315380602,23.29506998025249
2019-06-23 08:30:00,23.9543868,24.028006677371295,23.761838956835568,22.29887327426672,23.290862305666543
2019-06-23 08:40:00,23.935927600000003,24.080054082638824,23.83048617106785,22.446583756502196,23.38601581869274
2019-06-23 08:50:00,23.8147891,24.15692288218051,23.90253460398382,22.444997735746043,23.441372673318686
2019-06-23 09:00:00,23.9451572,26.4803407307943,26.290290495743136,24.684242434191923,25.797711748446496
2019-06-23 09:10:00,23.9405424,26.970780082453963,26.762180399113102,25.41423453330269,26.34898922049883
2019-06-23 09:20:00,24.1205196,27.35963138638064,27.12063573133215,25.586722827411837,26.65240807725214
2019-06-23 09:30:00,24.2705006,28.007935484955787,27.74223167209797,26.129267587216987,27.24118967034121
2019-06-23 09:40:00,23.9866904,28.191944648600824,27.82034619156747,25.490076574991203,27.135382519905484
2019-06-23 09:50:00,24.039760600000005,28.199306703260163,27.815225092507145,25.446804565195787,27.11356686256517
2019-06-23 10:00:00,24.0293773,28.289900868483254,28.00278016179496,26.434347701637396,27.506965408916976
2019-06-23 10:10:00,24.3201097,28.42506509048635,28.181343315999616,26.484316011039017,27.733085224949008
2019-06-23 10:20:00,24.5566182,28.561347947402105,28.31831212684868,26.60907933315049,27.85740761837958
2019-06-23 10:30:00,24.5485423,28.54973421289642,28.29922062187332,26.83703831110421,27.84730880295436
2019-06-23 10:40:00,24.7365954,28.508802056510373,28.223133539424257,26.651307536215448,27.72082239835687
2019-06-23 10:50:00,24.8600413,28.61118758807655,28.326306374187403,26.70801101053114,27.839571539602044
2019-06-23 11:00:00,24.8231229,28.796188916504455,28.532473869411984,27.10211216810161,28.089170493140134
2019-06-23 11:10:00,25.045787,28.987265636556167,28.7585430509527,27.41270572428052,28.348776012158176
2019-06-23 11:20:00,25.253453,29.152727868643108,28.942312813009984,27.61228990115297,28.550227829888847
2019-06-23 11:30:00,25.3284435,29.169701423419408,28.92955203752617,27.597079858779978,28.51623117560876
2019-06-23 11:40:00,25.553415,29.26128500677127,28.93590419565664,27.05362258084995,28.360474531249377
2019-06-23 11:50:00,25.7460829,29.479187506776388,29.180989263450357,27.4737088706186,28.63652163291431
2019-06-23 12:00:00,25.7795402,29.661217709897468,29.42665186865097,28.00224735836596,28.936213800064692
2019-06-23 12:10:00,25.9825914,29.76659107208379,29.547530017048224,28.23556518231096,29.13036177157661
2019-06-23 12:20:00,26.0910392,29.83958839870035,29.61253705232167,28.260978498070997,29.207340820919732
2019-06-23 12:30:00,26.153339000000003,29.89159515159494,29.67907648838256,28.414785155582088,29.294464092985457
2019-06-23 12:40:00,26.3056274,29.977602778102614,29.763984646566303,28.56213261219276,29.40677912396091
2019-06-23 12:50:00,26.4359955,30.082983710547747,29.85591656373276,28.534097702954863,29.46046597277432
2019-06-23 13:00:00,26.3079348,30.03531636990581,29.77092046205658,28.16348577529434,29.26673706015272
2019-06-23 13:10:00,26.4602232,30.00011910348214,29.699473320738317,27.902926113667267,29.14854980570768
2019-06-23 13:20:00,26.4717602,30.10727571012403,29.85746026523515,28.52381581009867,29.43910430627117
2019-06-23 13:30:00,26.5052175,30.1992386663412,29.977824345826527,28.86330055174045,29.62635612323876
2019-06-23 13:40:00,26.6252023,30.26709184058715,30.072180094333604,29.060916405388653,29.75681814097912
2019-06-23 13:50:00,26.7278816,30.36252750034356,30.158244169478095,29.36320858456481,29.871583858572727
2019-06-23 14:00:00,26.964390100000003,30.2794074155209,30.08031735417885,29.171346871566797,29.775599528519656
2019-06-23 14:10:00,27.0912971,30.206559772741528,30.021768540193182,29.089524353419627,29.724530551215015
2019-06-23 14:20:00,27.122447,30.296004305874806,30.131949747133948,29.36527786985028,29.877925518302646
2019-06-23 14:30:00,27.1466747,30.366150285145643,30.190119606586848,29.20074366338322,29.87968011040553
2019-06-23 14:40:00,27.253968800000003,30.42081829903948,30.28106887260507,29.617479388817728,30.06910479265813
2019-06-23 14:50:00,27.3174223,30.489430054640984,30.33029296618477,29.732561921951746,30.098259862718734
2019-06-23 15:00:00,27.4154868,30.5521077016958,30.38585044587785,29.59084938108917,30.12001316629005
2019-06-23 15:10:00,27.5354716,30.584413028008,30.42385994280656,29.49347679675133,30.139530077395666
2019-06-23 15:20:00,27.5896955,30.633104121353224,30.471196271942596,29.568725330876315,30.178363585205886
2019-06-23 15:30:00,27.6693008,30.8424794033634,30.68517167608881,29.78312094052808,30.410372233884267
2019-06-23 15:40:00,27.7927467,31.012329341194096,30.82646575216627,29.70402702371012,30.48378049722683
2019-06-23 15:50:00,27.7754412,31.016082931630443,30.78979001410211,29.534317831191917,30.388337051447824
2019-06-23 16:00:00,27.8238966,30.992496222014,30.793321961675318,29.57315246517988,30.43612512317483
2019-06-23 16:10:00,27.8931186,31.059784373541596,30.85420714432488,29.71342530360512,30.499557352525695
2019-06-23 16:20:00,27.9588795,31.10780891420918,30.92401307298826,29.92453396993405,30.635172921206816
2019-06-23 16:30:00,27.932344399999995,31.18751753559388,30.99946261875044,29.81603182777595,30.683061375192256
2019-06-23 16:40:00,28.0096423,31.23950945264218,31.04018565850719,29.822111712883455,30.686452948541135
2019-06-23 16:50:00,28.0857865,31.349722591211545,31.176863120287138,30.255513389224188,30.903632755352255
2019-06-23 17:00:00,28.0327163,31.44346134485625,31.290464393905175,30.574781810629116,31.111091856332923
2019-06-23 17:10:00,28.103092,31.572473047165104,31.41882706908467,30.511642135449573,31.149929078197133
2019-06-23 17:20:00,28.1169364,31.631812674861095,31.46414368252687,30.499138905717626,31.17359196622604
2019-06-23 17:30:00,28.193080600000005,31.69075955805736,31.505933567430596,30.40267332723332,31.18779165866632
2019-06-23 17:40:00,28.229999,31.6787084869138,31.48616178236697,30.3635763767822,31.168659918539703
2019-06-23 17:50:00,28.1815436,31.67557595481947,31.480832806743663,30.489275811301624,31.179241938247802
2019-06-23 18:00:00,28.0973235,30.078588256851727,29.890814537227882,28.91816598221971,29.59253441064897
2019-06-23 18:10:00,27.9784924,28.909794456834987,29.36559016293344,28.52043645880396,29.10850632627126
2019-06-23 18:20:00,28.0304089,29.00504203952348,29.13378866010459,28.227327491153787,28.88626946572836
2019-06-23 18:30:00,27.932344399999995,29.013219504209804,28.6586948026344,28.098464692298567,28.62610225565558
2019-06-23 18:40:00,27.9242685,28.77023357449977,28.40997743922532,28.041358360953808,28.38178592765776
2019-06-23 18:50:00,27.9404203,28.51098965516421,28.33524039897729,27.941956344668355,28.22252177798907
2019-06-23 19:00:00,27.8481243,28.366541249522783,28.299541710976577,27.86737665262096,28.14783909441362
2019-06-23 19:10:00,27.859661300000003,28.271500818002455,28.20739815027787,27.76919373956967,28.06036129857485
2019-06-23 19:20:00,27.8400484,28.181369085423956,28.079014776081333,27.589379869485107,27.928380823356864
2019-06-23 19:30:00,27.7650579,28.10347098374842,27.98657141594797,27.50653607827148,27.84226795784278
2019-06-23 19:40:00,27.5873881,28.043184040696687,27.92421145981748,27.372369473051087,27.758508707302123
2019-06-23 19:50:00,27.4674033,27.97784038904617,27.84555077063652,27.118201382841566,27.631700141206608
2019-06-23 20:00:00,27.375107300000003,27.900854198650165,27.741799334279488,26.82364470126977,27.47311680756074
2019-06-23 20:10:00,27.225126300000003,27.794978607288783,27.59924217939888,26.54424411784694,27.26831913186213
2019-06-23 20:20:00,27.1789783,27.695079345338858,27.46079284693912,26.238645604593327,27.06871694198473
2019-06-23 20:30:00,27.1062952,27.639336331258455,27.394741511950688,25.9957382269982,26.981228427231898
2019-06-23 20:40:00,26.989771500000003,27.57799016806466,27.35725147791292,26.08302746893257,26.98352380552534
2019-06-23 20:50:00,26.8905533,27.509705367555423,27.21560950687268,25.67490976954288,26.71998486932704
2019-06-23 21:00:00,26.9436235,27.417010225812504,27.068994530442623,25.40790867167041,26.49304774598396
2019-06-23 21:10:00,26.8778626,27.381453827453644,27.079874137153443,25.59405471545384,26.582503215235015
2019-06-23 21:20:00,26.8328683,27.32774465494187,27.04749657989392,25.61780288057314,26.58007330699595
2019-06-23 21:30:00,26.8121017,27.257511163079723,26.98221161270324,25.56942020503778,26.518462388813937
2019-06-23 21:40:00,26.772875899999995,27.186459441611863,26.9045594419849,25.48243052668676,26.42736287151043
2019-06-23 21:50:00,26.7901814,27.14308419151802,26.884591180905723,25.582752710503986,26.447854557185178
2019-06-23 22:00:00,26.8282535,27.109612347427067,26.868799576367817,25.62586245161196,26.460801496850177
2019-06-23 22:10:00,26.8190239,27.089466946849413,26.87746549500023,25.763231379063413,26.516556807555013
2019-06-23 22:20:00,26.8409442,27.05605346537827,26.88215207141252,25.991830330310908,26.593642523708688
2019-06-23 22:30:00,26.753263,27.007170380247288,26.85735804037804,26.103591809808766,26.61464660374592
2019-06-23 22:40:00,26.742879700000003,26.960807547330568,26.82429268820533,26.098570217416743,26.59876178742086
2019-06-23 22:50:00,26.7405723,26.922275446050893,26.777095350688043,25.95056833024592,26.52581139682028
2019-06-23 23:00:00,26.6805799,26.8801532045166,26.73505468384276,25.88095708336676,26.475139635867144
2019-06-23 23:10:00,26.614819,26.81598764801404,26.676542916326568,25.84837715888604,26.42524219504064
2019-06-23 23:20:00,26.7290353,26.740790868058003,26.588094573474216,25.6658802996018,26.311915251215652
2019-06-23 23:30:00,26.5675173,26.668848619984452,26.47841714478376,25.425481527832183,26.13809078013748
2019-06-23 23:40:00,26.5305989,26.627563798079517,26.4395829499976,25.440707815605105,26.10454379880891
